-- phpMyAdmin SQL Dump
-- version 5.2.0
-- https://www.phpmyadmin.net/
--
-- Servidor: localhost
-- Tiempo de generación: 13-06-2024 a las 14:49:44
-- Versión del servidor: 10.4.21-MariaDB
-- Versión de PHP: 7.4.29

SET SQL_MODE = "NO_AUTO_VALUE_ON_ZERO";
START TRANSACTION;
SET time_zone = "+00:00";


/*!40101 SET @OLD_CHARACTER_SET_CLIENT=@@CHARACTER_SET_CLIENT */;
/*!40101 SET @OLD_CHARACTER_SET_RESULTS=@@CHARACTER_SET_RESULTS */;
/*!40101 SET @OLD_COLLATION_CONNECTION=@@COLLATION_CONNECTION */;
/*!40101 SET NAMES utf8mb4 */;

--
-- Base de datos: `ubigeo_peru`
--

-- --------------------------------------------------------

--
-- Estructura de tabla para la tabla `departments`
--

CREATE TABLE `departments` (
  `id` bigint(20) UNSIGNED NOT NULL,
  `name` varchar(191) COLLATE utf8mb4_unicode_ci NOT NULL,
  `created_at` timestamp NULL DEFAULT NULL,
  `updated_at` timestamp NULL DEFAULT NULL
) ENGINE=InnoDB DEFAULT CHARSET=utf8mb4 COLLATE=utf8mb4_unicode_ci;

--
-- Volcado de datos para la tabla `departments`
--

INSERT INTO `departments` (`id`, `name`, `created_at`, `updated_at`) VALUES
(1, 'Amazonas', NULL, NULL),
(2, 'Áncash', NULL, NULL),
(3, 'Apurímac', NULL, NULL),
(4, 'Arequipa', NULL, NULL),
(5, 'Ayacucho', NULL, NULL),
(6, 'Cajamarca', NULL, NULL),
(7, 'Callao', NULL, NULL),
(8, 'Cusco', NULL, NULL),
(9, 'Huancavelica', NULL, NULL),
(10, 'Huánuco', NULL, NULL),
(11, 'Ica', NULL, NULL),
(12, 'Junín', NULL, NULL),
(13, 'La Libertad', NULL, NULL),
(14, 'Lambayeque', NULL, NULL),
(15, 'Lima', NULL, NULL),
(16, 'Loreto', NULL, NULL),
(17, 'Madre de Dios', NULL, NULL),
(18, 'Moquegua', NULL, NULL),
(19, 'Pasco', NULL, NULL),
(20, 'Piura', NULL, NULL),
(21, 'Puno', NULL, NULL),
(22, 'San Martín', NULL, NULL),
(23, 'Tacna', NULL, NULL),
(24, 'Tumbes', NULL, NULL),
(25, 'Ucayali', NULL, NULL);

-- --------------------------------------------------------

--
-- Estructura de tabla para la tabla `districts`
--

CREATE TABLE `districts` (
  `id` bigint(20) UNSIGNED NOT NULL,
  `name` varchar(191) COLLATE utf8mb4_unicode_ci NOT NULL,
  `provinces_id` bigint(20) UNSIGNED NOT NULL,
  `departments_id` bigint(20) UNSIGNED NOT NULL,
  `created_at` timestamp NULL DEFAULT NULL,
  `updated_at` timestamp NULL DEFAULT NULL
) ENGINE=InnoDB DEFAULT CHARSET=utf8mb4 COLLATE=utf8mb4_unicode_ci;

--
-- Volcado de datos para la tabla `districts`
--

INSERT INTO `districts` (`id`, `name`, `provinces_id`, `departments_id`, `created_at`, `updated_at`) VALUES
(10101, 'Chachapoyas', 101, 1, NULL, NULL),
(10102, 'Asunción', 101, 1, NULL, NULL),
(10103, 'Balsas', 101, 1, NULL, NULL),
(10104, 'Cheto', 101, 1, NULL, NULL),
(10105, 'Chiliquin', 101, 1, NULL, NULL),
(10106, 'Chuquibamba', 101, 1, NULL, NULL),
(10107, 'Granada', 101, 1, NULL, NULL),
(10108, 'Huancas', 101, 1, NULL, NULL),
(10109, 'La Jalca', 101, 1, NULL, NULL),
(10110, 'Leimebamba', 101, 1, NULL, NULL),
(10111, 'Levanto', 101, 1, NULL, NULL),
(10112, 'Magdalena', 101, 1, NULL, NULL),
(10113, 'Mariscal Castilla', 101, 1, NULL, NULL),
(10114, 'Molinopampa', 101, 1, NULL, NULL),
(10115, 'Montevideo', 101, 1, NULL, NULL),
(10116, 'Olleros', 101, 1, NULL, NULL),
(10117, 'Quinjalca', 101, 1, NULL, NULL),
(10118, 'San Francisco de Daguas', 101, 1, NULL, NULL),
(10119, 'San Isidro de Maino', 101, 1, NULL, NULL),
(10120, 'Soloco', 101, 1, NULL, NULL),
(10121, 'Sonche', 101, 1, NULL, NULL),
(10201, 'Bagua', 102, 1, NULL, NULL),
(10202, 'Aramango', 102, 1, NULL, NULL),
(10203, 'Copallin', 102, 1, NULL, NULL),
(10204, 'El Parco', 102, 1, NULL, NULL),
(10205, 'Imaza', 102, 1, NULL, NULL),
(10206, 'La Peca', 102, 1, NULL, NULL),
(10301, 'Jumbilla', 103, 1, NULL, NULL),
(10302, 'Chisquilla', 103, 1, NULL, NULL),
(10303, 'Churuja', 103, 1, NULL, NULL),
(10304, 'Corosha', 103, 1, NULL, NULL),
(10305, 'Cuispes', 103, 1, NULL, NULL),
(10306, 'Florida', 103, 1, NULL, NULL),
(10307, 'Jazan', 103, 1, NULL, NULL),
(10308, 'Recta', 103, 1, NULL, NULL),
(10309, 'San Carlos', 103, 1, NULL, NULL),
(10310, 'Shipasbamba', 103, 1, NULL, NULL),
(10311, 'Valera', 103, 1, NULL, NULL),
(10312, 'Yambrasbamba', 103, 1, NULL, NULL),
(10401, 'Nieva', 104, 1, NULL, NULL),
(10402, 'El Cenepa', 104, 1, NULL, NULL),
(10403, 'Río Santiago', 104, 1, NULL, NULL),
(10501, 'Lamud', 105, 1, NULL, NULL),
(10502, 'Camporredondo', 105, 1, NULL, NULL),
(10503, 'Cocabamba', 105, 1, NULL, NULL),
(10504, 'Colcamar', 105, 1, NULL, NULL),
(10505, 'Conila', 105, 1, NULL, NULL),
(10506, 'Inguilpata', 105, 1, NULL, NULL),
(10507, 'Longuita', 105, 1, NULL, NULL),
(10508, 'Lonya Chico', 105, 1, NULL, NULL),
(10509, 'Luya', 105, 1, NULL, NULL),
(10510, 'Luya Viejo', 105, 1, NULL, NULL),
(10511, 'María', 105, 1, NULL, NULL),
(10512, 'Ocalli', 105, 1, NULL, NULL),
(10513, 'Ocumal', 105, 1, NULL, NULL),
(10514, 'Pisuquia', 105, 1, NULL, NULL),
(10515, 'Providencia', 105, 1, NULL, NULL),
(10516, 'San Cristóbal', 105, 1, NULL, NULL),
(10517, 'San Francisco de Yeso', 105, 1, NULL, NULL),
(10518, 'San Jerónimo', 105, 1, NULL, NULL),
(10519, 'San Juan de Lopecancha', 105, 1, NULL, NULL),
(10520, 'Santa Catalina', 105, 1, NULL, NULL),
(10521, 'Santo Tomas', 105, 1, NULL, NULL),
(10522, 'Tingo', 105, 1, NULL, NULL),
(10523, 'Trita', 105, 1, NULL, NULL),
(10601, 'San Nicolás', 106, 1, NULL, NULL),
(10602, 'Chirimoto', 106, 1, NULL, NULL),
(10603, 'Cochamal', 106, 1, NULL, NULL),
(10604, 'Huambo', 106, 1, NULL, NULL),
(10605, 'Limabamba', 106, 1, NULL, NULL),
(10606, 'Longar', 106, 1, NULL, NULL),
(10607, 'Mariscal Benavides', 106, 1, NULL, NULL),
(10608, 'Milpuc', 106, 1, NULL, NULL),
(10609, 'Omia', 106, 1, NULL, NULL),
(10610, 'Santa Rosa', 106, 1, NULL, NULL),
(10611, 'Totora', 106, 1, NULL, NULL),
(10612, 'Vista Alegre', 106, 1, NULL, NULL),
(10701, 'Bagua Grande', 107, 1, NULL, NULL),
(10702, 'Cajaruro', 107, 1, NULL, NULL),
(10703, 'Cumba', 107, 1, NULL, NULL),
(10704, 'El Milagro', 107, 1, NULL, NULL),
(10705, 'Jamalca', 107, 1, NULL, NULL),
(10706, 'Lonya Grande', 107, 1, NULL, NULL),
(10707, 'Yamon', 107, 1, NULL, NULL),
(20101, 'Huaraz', 201, 2, NULL, NULL),
(20102, 'Cochabamba', 201, 2, NULL, NULL),
(20103, 'Colcabamba', 201, 2, NULL, NULL),
(20104, 'Huanchay', 201, 2, NULL, NULL),
(20105, 'Independencia', 201, 2, NULL, NULL),
(20106, 'Jangas', 201, 2, NULL, NULL),
(20107, 'La Libertad', 201, 2, NULL, NULL),
(20108, 'Olleros', 201, 2, NULL, NULL),
(20109, 'Pampas Grande', 201, 2, NULL, NULL),
(20110, 'Pariacoto', 201, 2, NULL, NULL),
(20111, 'Pira', 201, 2, NULL, NULL),
(20112, 'Tarica', 201, 2, NULL, NULL),
(20201, 'Aija', 202, 2, NULL, NULL),
(20202, 'Coris', 202, 2, NULL, NULL),
(20203, 'Huacllan', 202, 2, NULL, NULL),
(20204, 'La Merced', 202, 2, NULL, NULL),
(20205, 'Succha', 202, 2, NULL, NULL),
(20301, 'Llamellin', 203, 2, NULL, NULL),
(20302, 'Aczo', 203, 2, NULL, NULL),
(20303, 'Chaccho', 203, 2, NULL, NULL),
(20304, 'Chingas', 203, 2, NULL, NULL),
(20305, 'Mirgas', 203, 2, NULL, NULL),
(20306, 'San Juan de Rontoy', 203, 2, NULL, NULL),
(20401, 'Chacas', 204, 2, NULL, NULL),
(20402, 'Acochaca', 204, 2, NULL, NULL),
(20501, 'Chiquian', 205, 2, NULL, NULL),
(20502, 'Abelardo Pardo Lezameta', 205, 2, NULL, NULL),
(20503, 'Antonio Raymondi', 205, 2, NULL, NULL),
(20504, 'Aquia', 205, 2, NULL, NULL),
(20505, 'Cajacay', 205, 2, NULL, NULL),
(20506, 'Canis', 205, 2, NULL, NULL),
(20507, 'Colquioc', 205, 2, NULL, NULL),
(20508, 'Huallanca', 205, 2, NULL, NULL),
(20509, 'Huasta', 205, 2, NULL, NULL),
(20510, 'Huayllacayan', 205, 2, NULL, NULL),
(20511, 'La Primavera', 205, 2, NULL, NULL),
(20512, 'Mangas', 205, 2, NULL, NULL),
(20513, 'Pacllon', 205, 2, NULL, NULL),
(20514, 'San Miguel de Corpanqui', 205, 2, NULL, NULL),
(20515, 'Ticllos', 205, 2, NULL, NULL),
(20601, 'Carhuaz', 206, 2, NULL, NULL),
(20602, 'Acopampa', 206, 2, NULL, NULL),
(20603, 'Amashca', 206, 2, NULL, NULL),
(20604, 'Anta', 206, 2, NULL, NULL),
(20605, 'Ataquero', 206, 2, NULL, NULL),
(20606, 'Marcara', 206, 2, NULL, NULL),
(20607, 'Pariahuanca', 206, 2, NULL, NULL),
(20608, 'San Miguel de Aco', 206, 2, NULL, NULL),
(20609, 'Shilla', 206, 2, NULL, NULL),
(20610, 'Tinco', 206, 2, NULL, NULL),
(20611, 'Yungar', 206, 2, NULL, NULL),
(20701, 'San Luis', 207, 2, NULL, NULL),
(20702, 'San Nicolás', 207, 2, NULL, NULL),
(20703, 'Yauya', 207, 2, NULL, NULL),
(20801, 'Casma', 208, 2, NULL, NULL),
(20802, 'Buena Vista Alta', 208, 2, NULL, NULL),
(20803, 'Comandante Noel', 208, 2, NULL, NULL),
(20804, 'Yautan', 208, 2, NULL, NULL),
(20901, 'Corongo', 209, 2, NULL, NULL),
(20902, 'Aco', 209, 2, NULL, NULL),
(20903, 'Bambas', 209, 2, NULL, NULL),
(20904, 'Cusca', 209, 2, NULL, NULL),
(20905, 'La Pampa', 209, 2, NULL, NULL),
(20906, 'Yanac', 209, 2, NULL, NULL),
(20907, 'Yupan', 209, 2, NULL, NULL),
(21001, 'Huari', 210, 2, NULL, NULL),
(21002, 'Anra', 210, 2, NULL, NULL),
(21003, 'Cajay', 210, 2, NULL, NULL),
(21004, 'Chavin de Huantar', 210, 2, NULL, NULL),
(21005, 'Huacachi', 210, 2, NULL, NULL),
(21006, 'Huacchis', 210, 2, NULL, NULL),
(21007, 'Huachis', 210, 2, NULL, NULL),
(21008, 'Huantar', 210, 2, NULL, NULL),
(21009, 'Masin', 210, 2, NULL, NULL),
(21010, 'Paucas', 210, 2, NULL, NULL),
(21011, 'Ponto', 210, 2, NULL, NULL),
(21012, 'Rahuapampa', 210, 2, NULL, NULL),
(21013, 'Rapayan', 210, 2, NULL, NULL),
(21014, 'San Marcos', 210, 2, NULL, NULL),
(21015, 'San Pedro de Chana', 210, 2, NULL, NULL),
(21016, 'Uco', 210, 2, NULL, NULL),
(21101, 'Huarmey', 211, 2, NULL, NULL),
(21102, 'Cochapeti', 211, 2, NULL, NULL),
(21103, 'Culebras', 211, 2, NULL, NULL),
(21104, 'Huayan', 211, 2, NULL, NULL),
(21105, 'Malvas', 211, 2, NULL, NULL),
(21201, 'Caraz', 212, 2, NULL, NULL),
(21202, 'Huallanca', 212, 2, NULL, NULL),
(21203, 'Huata', 212, 2, NULL, NULL),
(21204, 'Huaylas', 212, 2, NULL, NULL),
(21205, 'Mato', 212, 2, NULL, NULL),
(21206, 'Pamparomas', 212, 2, NULL, NULL),
(21207, 'Pueblo Libre', 212, 2, NULL, NULL),
(21208, 'Santa Cruz', 212, 2, NULL, NULL),
(21209, 'Santo Toribio', 212, 2, NULL, NULL),
(21210, 'Yuracmarca', 212, 2, NULL, NULL),
(21301, 'Piscobamba', 213, 2, NULL, NULL),
(21302, 'Casca', 213, 2, NULL, NULL),
(21303, 'Eleazar Guzmán Barron', 213, 2, NULL, NULL),
(21304, 'Fidel Olivas Escudero', 213, 2, NULL, NULL),
(21305, 'Llama', 213, 2, NULL, NULL),
(21306, 'Llumpa', 213, 2, NULL, NULL),
(21307, 'Lucma', 213, 2, NULL, NULL),
(21308, 'Musga', 213, 2, NULL, NULL),
(21401, 'Ocros', 214, 2, NULL, NULL),
(21402, 'Acas', 214, 2, NULL, NULL),
(21403, 'Cajamarquilla', 214, 2, NULL, NULL),
(21404, 'Carhuapampa', 214, 2, NULL, NULL),
(21405, 'Cochas', 214, 2, NULL, NULL),
(21406, 'Congas', 214, 2, NULL, NULL),
(21407, 'Llipa', 214, 2, NULL, NULL),
(21408, 'San Cristóbal de Rajan', 214, 2, NULL, NULL),
(21409, 'San Pedro', 214, 2, NULL, NULL),
(21410, 'Santiago de Chilcas', 214, 2, NULL, NULL),
(21501, 'Cabana', 215, 2, NULL, NULL),
(21502, 'Bolognesi', 215, 2, NULL, NULL),
(21503, 'Conchucos', 215, 2, NULL, NULL),
(21504, 'Huacaschuque', 215, 2, NULL, NULL),
(21505, 'Huandoval', 215, 2, NULL, NULL),
(21506, 'Lacabamba', 215, 2, NULL, NULL),
(21507, 'Llapo', 215, 2, NULL, NULL),
(21508, 'Pallasca', 215, 2, NULL, NULL),
(21509, 'Pampas', 215, 2, NULL, NULL),
(21510, 'Santa Rosa', 215, 2, NULL, NULL),
(21511, 'Tauca', 215, 2, NULL, NULL),
(21601, 'Pomabamba', 216, 2, NULL, NULL),
(21602, 'Huayllan', 216, 2, NULL, NULL),
(21603, 'Parobamba', 216, 2, NULL, NULL),
(21604, 'Quinuabamba', 216, 2, NULL, NULL),
(21701, 'Recuay', 217, 2, NULL, NULL),
(21702, 'Catac', 217, 2, NULL, NULL),
(21703, 'Cotaparaco', 217, 2, NULL, NULL),
(21704, 'Huayllapampa', 217, 2, NULL, NULL),
(21705, 'Llacllin', 217, 2, NULL, NULL),
(21706, 'Marca', 217, 2, NULL, NULL),
(21707, 'Pampas Chico', 217, 2, NULL, NULL),
(21708, 'Pararin', 217, 2, NULL, NULL),
(21709, 'Tapacocha', 217, 2, NULL, NULL),
(21710, 'Ticapampa', 217, 2, NULL, NULL),
(21801, 'Chimbote', 218, 2, NULL, NULL),
(21802, 'Cáceres del Perú', 218, 2, NULL, NULL),
(21803, 'Coishco', 218, 2, NULL, NULL),
(21804, 'Macate', 218, 2, NULL, NULL),
(21805, 'Moro', 218, 2, NULL, NULL),
(21806, 'Nepeña', 218, 2, NULL, NULL),
(21807, 'Samanco', 218, 2, NULL, NULL),
(21808, 'Santa', 218, 2, NULL, NULL),
(21809, 'Nuevo Chimbote', 218, 2, NULL, NULL),
(21901, 'Sihuas', 219, 2, NULL, NULL),
(21902, 'Acobamba', 219, 2, NULL, NULL),
(21903, 'Alfonso Ugarte', 219, 2, NULL, NULL),
(21904, 'Cashapampa', 219, 2, NULL, NULL),
(21905, 'Chingalpo', 219, 2, NULL, NULL),
(21906, 'Huayllabamba', 219, 2, NULL, NULL),
(21907, 'Quiches', 219, 2, NULL, NULL),
(21908, 'Ragash', 219, 2, NULL, NULL),
(21909, 'San Juan', 219, 2, NULL, NULL),
(21910, 'Sicsibamba', 219, 2, NULL, NULL),
(22001, 'Yungay', 220, 2, NULL, NULL),
(22002, 'Cascapara', 220, 2, NULL, NULL),
(22003, 'Mancos', 220, 2, NULL, NULL),
(22004, 'Matacoto', 220, 2, NULL, NULL),
(22005, 'Quillo', 220, 2, NULL, NULL),
(22006, 'Ranrahirca', 220, 2, NULL, NULL),
(22007, 'Shupluy', 220, 2, NULL, NULL),
(22008, 'Yanama', 220, 2, NULL, NULL),
(30101, 'Abancay', 301, 3, NULL, NULL),
(30102, 'Chacoche', 301, 3, NULL, NULL),
(30103, 'Circa', 301, 3, NULL, NULL),
(30104, 'Curahuasi', 301, 3, NULL, NULL),
(30105, 'Huanipaca', 301, 3, NULL, NULL),
(30106, 'Lambrama', 301, 3, NULL, NULL),
(30107, 'Pichirhua', 301, 3, NULL, NULL),
(30108, 'San Pedro de Cachora', 301, 3, NULL, NULL),
(30109, 'Tamburco', 301, 3, NULL, NULL),
(30201, 'Andahuaylas', 302, 3, NULL, NULL),
(30202, 'Andarapa', 302, 3, NULL, NULL),
(30203, 'Chiara', 302, 3, NULL, NULL),
(30204, 'Huancarama', 302, 3, NULL, NULL),
(30205, 'Huancaray', 302, 3, NULL, NULL),
(30206, 'Huayana', 302, 3, NULL, NULL),
(30207, 'Kishuara', 302, 3, NULL, NULL),
(30208, 'Pacobamba', 302, 3, NULL, NULL),
(30209, 'Pacucha', 302, 3, NULL, NULL),
(30210, 'Pampachiri', 302, 3, NULL, NULL),
(30211, 'Pomacocha', 302, 3, NULL, NULL),
(30212, 'San Antonio de Cachi', 302, 3, NULL, NULL),
(30213, 'San Jerónimo', 302, 3, NULL, NULL),
(30214, 'San Miguel de Chaccrampa', 302, 3, NULL, NULL),
(30215, 'Santa María de Chicmo', 302, 3, NULL, NULL),
(30216, 'Talavera', 302, 3, NULL, NULL),
(30217, 'Tumay Huaraca', 302, 3, NULL, NULL),
(30218, 'Turpo', 302, 3, NULL, NULL),
(30219, 'Kaquiabamba', 302, 3, NULL, NULL),
(30220, 'José María Arguedas', 302, 3, NULL, NULL),
(30301, 'Antabamba', 303, 3, NULL, NULL),
(30302, 'El Oro', 303, 3, NULL, NULL),
(30303, 'Huaquirca', 303, 3, NULL, NULL),
(30304, 'Juan Espinoza Medrano', 303, 3, NULL, NULL),
(30305, 'Oropesa', 303, 3, NULL, NULL),
(30306, 'Pachaconas', 303, 3, NULL, NULL),
(30307, 'Sabaino', 303, 3, NULL, NULL),
(30401, 'Chalhuanca', 304, 3, NULL, NULL),
(30402, 'Capaya', 304, 3, NULL, NULL),
(30403, 'Caraybamba', 304, 3, NULL, NULL),
(30404, 'Chapimarca', 304, 3, NULL, NULL),
(30405, 'Colcabamba', 304, 3, NULL, NULL),
(30406, 'Cotaruse', 304, 3, NULL, NULL),
(30407, 'Ihuayllo', 304, 3, NULL, NULL),
(30408, 'Justo Apu Sahuaraura', 304, 3, NULL, NULL),
(30409, 'Lucre', 304, 3, NULL, NULL),
(30410, 'Pocohuanca', 304, 3, NULL, NULL),
(30411, 'San Juan de Chacña', 304, 3, NULL, NULL),
(30412, 'Sañayca', 304, 3, NULL, NULL),
(30413, 'Soraya', 304, 3, NULL, NULL),
(30414, 'Tapairihua', 304, 3, NULL, NULL),
(30415, 'Tintay', 304, 3, NULL, NULL),
(30416, 'Toraya', 304, 3, NULL, NULL),
(30417, 'Yanaca', 304, 3, NULL, NULL),
(30501, 'Tambobamba', 305, 3, NULL, NULL),
(30502, 'Cotabambas', 305, 3, NULL, NULL),
(30503, 'Coyllurqui', 305, 3, NULL, NULL),
(30504, 'Haquira', 305, 3, NULL, NULL),
(30505, 'Mara', 305, 3, NULL, NULL),
(30506, 'Challhuahuacho', 305, 3, NULL, NULL),
(30601, 'Chincheros', 306, 3, NULL, NULL),
(30602, 'Anco_Huallo', 306, 3, NULL, NULL),
(30603, 'Cocharcas', 306, 3, NULL, NULL),
(30604, 'Huaccana', 306, 3, NULL, NULL),
(30605, 'Ocobamba', 306, 3, NULL, NULL),
(30606, 'Ongoy', 306, 3, NULL, NULL),
(30607, 'Uranmarca', 306, 3, NULL, NULL),
(30608, 'Ranracancha', 306, 3, NULL, NULL),
(30609, 'Rocchacc', 306, 3, NULL, NULL),
(30610, 'El Porvenir', 306, 3, NULL, NULL),
(30611, 'Los Chankas', 306, 3, NULL, NULL),
(30701, 'Chuquibambilla', 307, 3, NULL, NULL),
(30702, 'Curpahuasi', 307, 3, NULL, NULL),
(30703, 'Gamarra', 307, 3, NULL, NULL),
(30704, 'Huayllati', 307, 3, NULL, NULL),
(30705, 'Mamara', 307, 3, NULL, NULL),
(30706, 'Micaela Bastidas', 307, 3, NULL, NULL),
(30707, 'Pataypampa', 307, 3, NULL, NULL),
(30708, 'Progreso', 307, 3, NULL, NULL),
(30709, 'San Antonio', 307, 3, NULL, NULL),
(30710, 'Santa Rosa', 307, 3, NULL, NULL),
(30711, 'Turpay', 307, 3, NULL, NULL),
(30712, 'Vilcabamba', 307, 3, NULL, NULL),
(30713, 'Virundo', 307, 3, NULL, NULL),
(30714, 'Curasco', 307, 3, NULL, NULL),
(40101, 'Arequipa', 401, 4, NULL, NULL),
(40102, 'Alto Selva Alegre', 401, 4, NULL, NULL),
(40103, 'Cayma', 401, 4, NULL, NULL),
(40104, 'Cerro Colorado', 401, 4, NULL, NULL),
(40105, 'Characato', 401, 4, NULL, NULL),
(40106, 'Chiguata', 401, 4, NULL, NULL),
(40107, 'Jacobo Hunter', 401, 4, NULL, NULL),
(40108, 'La Joya', 401, 4, NULL, NULL),
(40109, 'Mariano Melgar', 401, 4, NULL, NULL),
(40110, 'Miraflores', 401, 4, NULL, NULL),
(40111, 'Mollebaya', 401, 4, NULL, NULL),
(40112, 'Paucarpata', 401, 4, NULL, NULL),
(40113, 'Pocsi', 401, 4, NULL, NULL),
(40114, 'Polobaya', 401, 4, NULL, NULL),
(40115, 'Quequeña', 401, 4, NULL, NULL),
(40116, 'Sabandia', 401, 4, NULL, NULL),
(40117, 'Sachaca', 401, 4, NULL, NULL),
(40118, 'San Juan de Siguas', 401, 4, NULL, NULL),
(40119, 'San Juan de Tarucani', 401, 4, NULL, NULL),
(40120, 'Santa Isabel de Siguas', 401, 4, NULL, NULL),
(40121, 'Santa Rita de Siguas', 401, 4, NULL, NULL),
(40122, 'Socabaya', 401, 4, NULL, NULL),
(40123, 'Tiabaya', 401, 4, NULL, NULL),
(40124, 'Uchumayo', 401, 4, NULL, NULL),
(40125, 'Vitor', 401, 4, NULL, NULL),
(40126, 'Yanahuara', 401, 4, NULL, NULL),
(40127, 'Yarabamba', 401, 4, NULL, NULL),
(40128, 'Yura', 401, 4, NULL, NULL),
(40129, 'José Luis Bustamante Y Rivero', 401, 4, NULL, NULL),
(40201, 'Camaná', 402, 4, NULL, NULL),
(40202, 'José María Quimper', 402, 4, NULL, NULL),
(40203, 'Mariano Nicolás Valcárcel', 402, 4, NULL, NULL),
(40204, 'Mariscal Cáceres', 402, 4, NULL, NULL),
(40205, 'Nicolás de Pierola', 402, 4, NULL, NULL),
(40206, 'Ocoña', 402, 4, NULL, NULL),
(40207, 'Quilca', 402, 4, NULL, NULL),
(40208, 'Samuel Pastor', 402, 4, NULL, NULL),
(40301, 'Caravelí', 403, 4, NULL, NULL),
(40302, 'Acarí', 403, 4, NULL, NULL),
(40303, 'Atico', 403, 4, NULL, NULL),
(40304, 'Atiquipa', 403, 4, NULL, NULL),
(40305, 'Bella Unión', 403, 4, NULL, NULL),
(40306, 'Cahuacho', 403, 4, NULL, NULL),
(40307, 'Chala', 403, 4, NULL, NULL),
(40308, 'Chaparra', 403, 4, NULL, NULL),
(40309, 'Huanuhuanu', 403, 4, NULL, NULL),
(40310, 'Jaqui', 403, 4, NULL, NULL),
(40311, 'Lomas', 403, 4, NULL, NULL),
(40312, 'Quicacha', 403, 4, NULL, NULL),
(40313, 'Yauca', 403, 4, NULL, NULL),
(40401, 'Aplao', 404, 4, NULL, NULL),
(40402, 'Andagua', 404, 4, NULL, NULL),
(40403, 'Ayo', 404, 4, NULL, NULL),
(40404, 'Chachas', 404, 4, NULL, NULL),
(40405, 'Chilcaymarca', 404, 4, NULL, NULL),
(40406, 'Choco', 404, 4, NULL, NULL),
(40407, 'Huancarqui', 404, 4, NULL, NULL),
(40408, 'Machaguay', 404, 4, NULL, NULL),
(40409, 'Orcopampa', 404, 4, NULL, NULL),
(40410, 'Pampacolca', 404, 4, NULL, NULL),
(40411, 'Tipan', 404, 4, NULL, NULL),
(40412, 'Uñon', 404, 4, NULL, NULL),
(40413, 'Uraca', 404, 4, NULL, NULL),
(40414, 'Viraco', 404, 4, NULL, NULL),
(40501, 'Chivay', 405, 4, NULL, NULL),
(40502, 'Achoma', 405, 4, NULL, NULL),
(40503, 'Cabanaconde', 405, 4, NULL, NULL),
(40504, 'Callalli', 405, 4, NULL, NULL),
(40505, 'Caylloma', 405, 4, NULL, NULL),
(40506, 'Coporaque', 405, 4, NULL, NULL),
(40507, 'Huambo', 405, 4, NULL, NULL),
(40508, 'Huanca', 405, 4, NULL, NULL),
(40509, 'Ichupampa', 405, 4, NULL, NULL),
(40510, 'Lari', 405, 4, NULL, NULL),
(40511, 'Lluta', 405, 4, NULL, NULL),
(40512, 'Maca', 405, 4, NULL, NULL),
(40513, 'Madrigal', 405, 4, NULL, NULL),
(40514, 'San Antonio de Chuca', 405, 4, NULL, NULL),
(40515, 'Sibayo', 405, 4, NULL, NULL),
(40516, 'Tapay', 405, 4, NULL, NULL),
(40517, 'Tisco', 405, 4, NULL, NULL),
(40518, 'Tuti', 405, 4, NULL, NULL),
(40519, 'Yanque', 405, 4, NULL, NULL),
(40520, 'Majes', 405, 4, NULL, NULL),
(40601, 'Chuquibamba', 406, 4, NULL, NULL),
(40602, 'Andaray', 406, 4, NULL, NULL),
(40603, 'Cayarani', 406, 4, NULL, NULL),
(40604, 'Chichas', 406, 4, NULL, NULL),
(40605, 'Iray', 406, 4, NULL, NULL),
(40606, 'Río Grande', 406, 4, NULL, NULL),
(40607, 'Salamanca', 406, 4, NULL, NULL),
(40608, 'Yanaquihua', 406, 4, NULL, NULL),
(40701, 'Mollendo', 407, 4, NULL, NULL),
(40702, 'Cocachacra', 407, 4, NULL, NULL),
(40703, 'Dean Valdivia', 407, 4, NULL, NULL),
(40704, 'Islay', 407, 4, NULL, NULL),
(40705, 'Mejia', 407, 4, NULL, NULL),
(40706, 'Punta de Bombón', 407, 4, NULL, NULL),
(40801, 'Cotahuasi', 408, 4, NULL, NULL),
(40802, 'Alca', 408, 4, NULL, NULL),
(40803, 'Charcana', 408, 4, NULL, NULL),
(40804, 'Huaynacotas', 408, 4, NULL, NULL),
(40805, 'Pampamarca', 408, 4, NULL, NULL),
(40806, 'Puyca', 408, 4, NULL, NULL),
(40807, 'Quechualla', 408, 4, NULL, NULL),
(40808, 'Sayla', 408, 4, NULL, NULL),
(40809, 'Tauria', 408, 4, NULL, NULL),
(40810, 'Tomepampa', 408, 4, NULL, NULL),
(40811, 'Toro', 408, 4, NULL, NULL),
(50101, 'Ayacucho', 501, 5, NULL, NULL),
(50102, 'Acocro', 501, 5, NULL, NULL),
(50103, 'Acos Vinchos', 501, 5, NULL, NULL),
(50104, 'Carmen Alto', 501, 5, NULL, NULL),
(50105, 'Chiara', 501, 5, NULL, NULL),
(50106, 'Ocros', 501, 5, NULL, NULL),
(50107, 'Pacaycasa', 501, 5, NULL, NULL),
(50108, 'Quinua', 501, 5, NULL, NULL),
(50109, 'San José de Ticllas', 501, 5, NULL, NULL),
(50110, 'San Juan Bautista', 501, 5, NULL, NULL),
(50111, 'Santiago de Pischa', 501, 5, NULL, NULL),
(50112, 'Socos', 501, 5, NULL, NULL),
(50113, 'Tambillo', 501, 5, NULL, NULL),
(50114, 'Vinchos', 501, 5, NULL, NULL),
(50115, 'Jesús Nazareno', 501, 5, NULL, NULL),
(50116, 'Andrés Avelino Cáceres Dorregaray', 501, 5, NULL, NULL),
(50201, 'Cangallo', 502, 5, NULL, NULL),
(50202, 'Chuschi', 502, 5, NULL, NULL),
(50203, 'Los Morochucos', 502, 5, NULL, NULL),
(50204, 'María Parado de Bellido', 502, 5, NULL, NULL),
(50205, 'Paras', 502, 5, NULL, NULL),
(50206, 'Totos', 502, 5, NULL, NULL),
(50301, 'Sancos', 503, 5, NULL, NULL),
(50302, 'Carapo', 503, 5, NULL, NULL),
(50303, 'Sacsamarca', 503, 5, NULL, NULL),
(50304, 'Santiago de Lucanamarca', 503, 5, NULL, NULL),
(50401, 'Huanta', 504, 5, NULL, NULL),
(50402, 'Ayahuanco', 504, 5, NULL, NULL),
(50403, 'Huamanguilla', 504, 5, NULL, NULL),
(50404, 'Iguain', 504, 5, NULL, NULL),
(50405, 'Luricocha', 504, 5, NULL, NULL),
(50406, 'Santillana', 504, 5, NULL, NULL),
(50407, 'Sivia', 504, 5, NULL, NULL),
(50408, 'Llochegua', 504, 5, NULL, NULL),
(50409, 'Canayre', 504, 5, NULL, NULL),
(50410, 'Uchuraccay', 504, 5, NULL, NULL),
(50411, 'Pucacolpa', 504, 5, NULL, NULL),
(50412, 'Chaca', 504, 5, NULL, NULL),
(50501, 'San Miguel', 505, 5, NULL, NULL),
(50502, 'Anco', 505, 5, NULL, NULL),
(50503, 'Ayna', 505, 5, NULL, NULL),
(50504, 'Chilcas', 505, 5, NULL, NULL),
(50505, 'Chungui', 505, 5, NULL, NULL),
(50506, 'Luis Carranza', 505, 5, NULL, NULL),
(50507, 'Santa Rosa', 505, 5, NULL, NULL),
(50508, 'Tambo', 505, 5, NULL, NULL),
(50509, 'Samugari', 505, 5, NULL, NULL),
(50510, 'Anchihuay', 505, 5, NULL, NULL),
(50511, 'Oronccoy', 505, 5, NULL, NULL),
(50601, 'Puquio', 506, 5, NULL, NULL),
(50602, 'Aucara', 506, 5, NULL, NULL),
(50603, 'Cabana', 506, 5, NULL, NULL),
(50604, 'Carmen Salcedo', 506, 5, NULL, NULL),
(50605, 'Chaviña', 506, 5, NULL, NULL),
(50606, 'Chipao', 506, 5, NULL, NULL),
(50607, 'Huac-Huas', 506, 5, NULL, NULL),
(50608, 'Laramate', 506, 5, NULL, NULL),
(50609, 'Leoncio Prado', 506, 5, NULL, NULL),
(50610, 'Llauta', 506, 5, NULL, NULL),
(50611, 'Lucanas', 506, 5, NULL, NULL),
(50612, 'Ocaña', 506, 5, NULL, NULL),
(50613, 'Otoca', 506, 5, NULL, NULL),
(50614, 'Saisa', 506, 5, NULL, NULL),
(50615, 'San Cristóbal', 506, 5, NULL, NULL),
(50616, 'San Juan', 506, 5, NULL, NULL),
(50617, 'San Pedro', 506, 5, NULL, NULL),
(50618, 'San Pedro de Palco', 506, 5, NULL, NULL),
(50619, 'Sancos', 506, 5, NULL, NULL),
(50620, 'Santa Ana de Huaycahuacho', 506, 5, NULL, NULL),
(50621, 'Santa Lucia', 506, 5, NULL, NULL),
(50701, 'Coracora', 507, 5, NULL, NULL),
(50702, 'Chumpi', 507, 5, NULL, NULL),
(50703, 'Coronel Castañeda', 507, 5, NULL, NULL),
(50704, 'Pacapausa', 507, 5, NULL, NULL),
(50705, 'Pullo', 507, 5, NULL, NULL),
(50706, 'Puyusca', 507, 5, NULL, NULL),
(50707, 'San Francisco de Ravacayco', 507, 5, NULL, NULL),
(50708, 'Upahuacho', 507, 5, NULL, NULL),
(50801, 'Pausa', 508, 5, NULL, NULL),
(50802, 'Colta', 508, 5, NULL, NULL),
(50803, 'Corculla', 508, 5, NULL, NULL),
(50804, 'Lampa', 508, 5, NULL, NULL),
(50805, 'Marcabamba', 508, 5, NULL, NULL),
(50806, 'Oyolo', 508, 5, NULL, NULL),
(50807, 'Pararca', 508, 5, NULL, NULL),
(50808, 'San Javier de Alpabamba', 508, 5, NULL, NULL),
(50809, 'San José de Ushua', 508, 5, NULL, NULL),
(50810, 'Sara Sara', 508, 5, NULL, NULL),
(50901, 'Querobamba', 509, 5, NULL, NULL),
(50902, 'Belén', 509, 5, NULL, NULL),
(50903, 'Chalcos', 509, 5, NULL, NULL),
(50904, 'Chilcayoc', 509, 5, NULL, NULL),
(50905, 'Huacaña', 509, 5, NULL, NULL),
(50906, 'Morcolla', 509, 5, NULL, NULL),
(50907, 'Paico', 509, 5, NULL, NULL),
(50908, 'San Pedro de Larcay', 509, 5, NULL, NULL),
(50909, 'San Salvador de Quije', 509, 5, NULL, NULL),
(50910, 'Santiago de Paucaray', 509, 5, NULL, NULL),
(50911, 'Soras', 509, 5, NULL, NULL),
(51001, 'Huancapi', 510, 5, NULL, NULL),
(51002, 'Alcamenca', 510, 5, NULL, NULL),
(51003, 'Apongo', 510, 5, NULL, NULL),
(51004, 'Asquipata', 510, 5, NULL, NULL),
(51005, 'Canaria', 510, 5, NULL, NULL),
(51006, 'Cayara', 510, 5, NULL, NULL),
(51007, 'Colca', 510, 5, NULL, NULL),
(51008, 'Huamanquiquia', 510, 5, NULL, NULL),
(51009, 'Huancaraylla', 510, 5, NULL, NULL),
(51010, 'Hualla', 510, 5, NULL, NULL),
(51011, 'Sarhua', 510, 5, NULL, NULL),
(51012, 'Vilcanchos', 510, 5, NULL, NULL),
(51101, 'Vilcas Huaman', 511, 5, NULL, NULL),
(51102, 'Accomarca', 511, 5, NULL, NULL),
(51103, 'Carhuanca', 511, 5, NULL, NULL),
(51104, 'Concepción', 511, 5, NULL, NULL),
(51105, 'Huambalpa', 511, 5, NULL, NULL),
(51106, 'Independencia', 511, 5, NULL, NULL),
(51107, 'Saurama', 511, 5, NULL, NULL),
(51108, 'Vischongo', 511, 5, NULL, NULL),
(60101, 'Cajamarca', 601, 6, NULL, NULL),
(60102, 'Asunción', 601, 6, NULL, NULL),
(60103, 'Chetilla', 601, 6, NULL, NULL),
(60104, 'Cospan', 601, 6, NULL, NULL),
(60105, 'Encañada', 601, 6, NULL, NULL),
(60106, 'Jesús', 601, 6, NULL, NULL),
(60107, 'Llacanora', 601, 6, NULL, NULL),
(60108, 'Los Baños del Inca', 601, 6, NULL, NULL),
(60109, 'Magdalena', 601, 6, NULL, NULL),
(60110, 'Matara', 601, 6, NULL, NULL),
(60111, 'Namora', 601, 6, NULL, NULL),
(60112, 'San Juan', 601, 6, NULL, NULL),
(60201, 'Cajabamba', 602, 6, NULL, NULL),
(60202, 'Cachachi', 602, 6, NULL, NULL),
(60203, 'Condebamba', 602, 6, NULL, NULL),
(60204, 'Sitacocha', 602, 6, NULL, NULL),
(60301, 'Celendín', 603, 6, NULL, NULL),
(60302, 'Chumuch', 603, 6, NULL, NULL),
(60303, 'Cortegana', 603, 6, NULL, NULL),
(60304, 'Huasmin', 603, 6, NULL, NULL),
(60305, 'Jorge Chávez', 603, 6, NULL, NULL),
(60306, 'José Gálvez', 603, 6, NULL, NULL),
(60307, 'Miguel Iglesias', 603, 6, NULL, NULL),
(60308, 'Oxamarca', 603, 6, NULL, NULL),
(60309, 'Sorochuco', 603, 6, NULL, NULL),
(60310, 'Sucre', 603, 6, NULL, NULL),
(60311, 'Utco', 603, 6, NULL, NULL),
(60312, 'La Libertad de Pallan', 603, 6, NULL, NULL),
(60401, 'Chota', 604, 6, NULL, NULL),
(60402, 'Anguia', 604, 6, NULL, NULL),
(60403, 'Chadin', 604, 6, NULL, NULL),
(60404, 'Chiguirip', 604, 6, NULL, NULL),
(60405, 'Chimban', 604, 6, NULL, NULL),
(60406, 'Choropampa', 604, 6, NULL, NULL),
(60407, 'Cochabamba', 604, 6, NULL, NULL),
(60408, 'Conchan', 604, 6, NULL, NULL),
(60409, 'Huambos', 604, 6, NULL, NULL),
(60410, 'Lajas', 604, 6, NULL, NULL),
(60411, 'Llama', 604, 6, NULL, NULL),
(60412, 'Miracosta', 604, 6, NULL, NULL),
(60413, 'Paccha', 604, 6, NULL, NULL),
(60414, 'Pion', 604, 6, NULL, NULL),
(60415, 'Querocoto', 604, 6, NULL, NULL),
(60416, 'San Juan de Licupis', 604, 6, NULL, NULL),
(60417, 'Tacabamba', 604, 6, NULL, NULL),
(60418, 'Tocmoche', 604, 6, NULL, NULL),
(60419, 'Chalamarca', 604, 6, NULL, NULL),
(60501, 'Contumaza', 605, 6, NULL, NULL),
(60502, 'Chilete', 605, 6, NULL, NULL),
(60503, 'Cupisnique', 605, 6, NULL, NULL),
(60504, 'Guzmango', 605, 6, NULL, NULL),
(60505, 'San Benito', 605, 6, NULL, NULL),
(60506, 'Santa Cruz de Toledo', 605, 6, NULL, NULL),
(60507, 'Tantarica', 605, 6, NULL, NULL),
(60508, 'Yonan', 605, 6, NULL, NULL),
(60601, 'Cutervo', 606, 6, NULL, NULL),
(60602, 'Callayuc', 606, 6, NULL, NULL),
(60603, 'Choros', 606, 6, NULL, NULL),
(60604, 'Cujillo', 606, 6, NULL, NULL),
(60605, 'La Ramada', 606, 6, NULL, NULL),
(60606, 'Pimpingos', 606, 6, NULL, NULL),
(60607, 'Querocotillo', 606, 6, NULL, NULL),
(60608, 'San Andrés de Cutervo', 606, 6, NULL, NULL),
(60609, 'San Juan de Cutervo', 606, 6, NULL, NULL),
(60610, 'San Luis de Lucma', 606, 6, NULL, NULL),
(60611, 'Santa Cruz', 606, 6, NULL, NULL),
(60612, 'Santo Domingo de la Capilla', 606, 6, NULL, NULL),
(60613, 'Santo Tomas', 606, 6, NULL, NULL),
(60614, 'Socota', 606, 6, NULL, NULL),
(60615, 'Toribio Casanova', 606, 6, NULL, NULL),
(60701, 'Bambamarca', 607, 6, NULL, NULL),
(60702, 'Chugur', 607, 6, NULL, NULL),
(60703, 'Hualgayoc', 607, 6, NULL, NULL),
(60801, 'Jaén', 608, 6, NULL, NULL),
(60802, 'Bellavista', 608, 6, NULL, NULL),
(60803, 'Chontali', 608, 6, NULL, NULL),
(60804, 'Colasay', 608, 6, NULL, NULL),
(60805, 'Huabal', 608, 6, NULL, NULL),
(60806, 'Las Pirias', 608, 6, NULL, NULL),
(60807, 'Pomahuaca', 608, 6, NULL, NULL),
(60808, 'Pucara', 608, 6, NULL, NULL),
(60809, 'Sallique', 608, 6, NULL, NULL),
(60810, 'San Felipe', 608, 6, NULL, NULL),
(60811, 'San José del Alto', 608, 6, NULL, NULL),
(60812, 'Santa Rosa', 608, 6, NULL, NULL),
(60901, 'San Ignacio', 609, 6, NULL, NULL),
(60902, 'Chirinos', 609, 6, NULL, NULL),
(60903, 'Huarango', 609, 6, NULL, NULL),
(60904, 'La Coipa', 609, 6, NULL, NULL),
(60905, 'Namballe', 609, 6, NULL, NULL),
(60906, 'San José de Lourdes', 609, 6, NULL, NULL),
(60907, 'Tabaconas', 609, 6, NULL, NULL),
(61001, 'Pedro Gálvez', 610, 6, NULL, NULL),
(61002, 'Chancay', 610, 6, NULL, NULL),
(61003, 'Eduardo Villanueva', 610, 6, NULL, NULL),
(61004, 'Gregorio Pita', 610, 6, NULL, NULL),
(61005, 'Ichocan', 610, 6, NULL, NULL),
(61006, 'José Manuel Quiroz', 610, 6, NULL, NULL),
(61007, 'José Sabogal', 610, 6, NULL, NULL),
(61101, 'San Miguel', 611, 6, NULL, NULL),
(61102, 'Bolívar', 611, 6, NULL, NULL),
(61103, 'Calquis', 611, 6, NULL, NULL),
(61104, 'Catilluc', 611, 6, NULL, NULL),
(61105, 'El Prado', 611, 6, NULL, NULL),
(61106, 'La Florida', 611, 6, NULL, NULL),
(61107, 'Llapa', 611, 6, NULL, NULL),
(61108, 'Nanchoc', 611, 6, NULL, NULL),
(61109, 'Niepos', 611, 6, NULL, NULL),
(61110, 'San Gregorio', 611, 6, NULL, NULL),
(61111, 'San Silvestre de Cochan', 611, 6, NULL, NULL),
(61112, 'Tongod', 611, 6, NULL, NULL),
(61113, 'Unión Agua Blanca', 611, 6, NULL, NULL),
(61201, 'San Pablo', 612, 6, NULL, NULL),
(61202, 'San Bernardino', 612, 6, NULL, NULL),
(61203, 'San Luis', 612, 6, NULL, NULL),
(61204, 'Tumbaden', 612, 6, NULL, NULL),
(61301, 'Santa Cruz', 613, 6, NULL, NULL),
(61302, 'Andabamba', 613, 6, NULL, NULL),
(61303, 'Catache', 613, 6, NULL, NULL),
(61304, 'Chancaybaños', 613, 6, NULL, NULL),
(61305, 'La Esperanza', 613, 6, NULL, NULL),
(61306, 'Ninabamba', 613, 6, NULL, NULL),
(61307, 'Pulan', 613, 6, NULL, NULL),
(61308, 'Saucepampa', 613, 6, NULL, NULL),
(61309, 'Sexi', 613, 6, NULL, NULL),
(61310, 'Uticyacu', 613, 6, NULL, NULL),
(61311, 'Yauyucan', 613, 6, NULL, NULL),
(70101, 'Callao', 701, 7, NULL, NULL),
(70102, 'Bellavista', 701, 7, NULL, NULL),
(70103, 'Carmen de la Legua Reynoso', 701, 7, NULL, NULL),
(70104, 'La Perla', 701, 7, NULL, NULL),
(70105, 'La Punta', 701, 7, NULL, NULL),
(70106, 'Ventanilla', 701, 7, NULL, NULL),
(70107, 'Mi Perú', 701, 7, NULL, NULL),
(80101, 'Cusco', 801, 8, NULL, NULL),
(80102, 'Ccorca', 801, 8, NULL, NULL),
(80103, 'Poroy', 801, 8, NULL, NULL),
(80104, 'San Jerónimo', 801, 8, NULL, NULL),
(80105, 'San Sebastian', 801, 8, NULL, NULL),
(80106, 'Santiago', 801, 8, NULL, NULL),
(80107, 'Saylla', 801, 8, NULL, NULL),
(80108, 'Wanchaq', 801, 8, NULL, NULL),
(80201, 'Acomayo', 802, 8, NULL, NULL),
(80202, 'Acopia', 802, 8, NULL, NULL),
(80203, 'Acos', 802, 8, NULL, NULL),
(80204, 'Mosoc Llacta', 802, 8, NULL, NULL),
(80205, 'Pomacanchi', 802, 8, NULL, NULL),
(80206, 'Rondocan', 802, 8, NULL, NULL),
(80207, 'Sangarara', 802, 8, NULL, NULL),
(80301, 'Anta', 803, 8, NULL, NULL),
(80302, 'Ancahuasi', 803, 8, NULL, NULL),
(80303, 'Cachimayo', 803, 8, NULL, NULL),
(80304, 'Chinchaypujio', 803, 8, NULL, NULL),
(80305, 'Huarocondo', 803, 8, NULL, NULL),
(80306, 'Limatambo', 803, 8, NULL, NULL),
(80307, 'Mollepata', 803, 8, NULL, NULL),
(80308, 'Pucyura', 803, 8, NULL, NULL),
(80309, 'Zurite', 803, 8, NULL, NULL),
(80401, 'Calca', 804, 8, NULL, NULL),
(80402, 'Coya', 804, 8, NULL, NULL),
(80403, 'Lamay', 804, 8, NULL, NULL),
(80404, 'Lares', 804, 8, NULL, NULL),
(80405, 'Pisac', 804, 8, NULL, NULL),
(80406, 'San Salvador', 804, 8, NULL, NULL),
(80407, 'Taray', 804, 8, NULL, NULL),
(80408, 'Yanatile', 804, 8, NULL, NULL),
(80501, 'Yanaoca', 805, 8, NULL, NULL),
(80502, 'Checca', 805, 8, NULL, NULL),
(80503, 'Kunturkanki', 805, 8, NULL, NULL),
(80504, 'Langui', 805, 8, NULL, NULL),
(80505, 'Layo', 805, 8, NULL, NULL),
(80506, 'Pampamarca', 805, 8, NULL, NULL),
(80507, 'Quehue', 805, 8, NULL, NULL),
(80508, 'Tupac Amaru', 805, 8, NULL, NULL),
(80601, 'Sicuani', 806, 8, NULL, NULL),
(80602, 'Checacupe', 806, 8, NULL, NULL),
(80603, 'Combapata', 806, 8, NULL, NULL),
(80604, 'Marangani', 806, 8, NULL, NULL),
(80605, 'Pitumarca', 806, 8, NULL, NULL),
(80606, 'San Pablo', 806, 8, NULL, NULL),
(80607, 'San Pedro', 806, 8, NULL, NULL),
(80608, 'Tinta', 806, 8, NULL, NULL),
(80701, 'Santo Tomas', 807, 8, NULL, NULL),
(80702, 'Capacmarca', 807, 8, NULL, NULL),
(80703, 'Chamaca', 807, 8, NULL, NULL),
(80704, 'Colquemarca', 807, 8, NULL, NULL),
(80705, 'Livitaca', 807, 8, NULL, NULL),
(80706, 'Llusco', 807, 8, NULL, NULL),
(80707, 'Quiñota', 807, 8, NULL, NULL),
(80708, 'Velille', 807, 8, NULL, NULL),
(80801, 'Espinar', 808, 8, NULL, NULL),
(80802, 'Condoroma', 808, 8, NULL, NULL),
(80803, 'Coporaque', 808, 8, NULL, NULL),
(80804, 'Ocoruro', 808, 8, NULL, NULL),
(80805, 'Pallpata', 808, 8, NULL, NULL),
(80806, 'Pichigua', 808, 8, NULL, NULL),
(80807, 'Suyckutambo', 808, 8, NULL, NULL),
(80808, 'Alto Pichigua', 808, 8, NULL, NULL),
(80901, 'Santa Ana', 809, 8, NULL, NULL),
(80902, 'Echarate', 809, 8, NULL, NULL),
(80903, 'Huayopata', 809, 8, NULL, NULL),
(80904, 'Maranura', 809, 8, NULL, NULL),
(80905, 'Ocobamba', 809, 8, NULL, NULL),
(80906, 'Quellouno', 809, 8, NULL, NULL),
(80907, 'Kimbiri', 809, 8, NULL, NULL),
(80908, 'Santa Teresa', 809, 8, NULL, NULL),
(80909, 'Vilcabamba', 809, 8, NULL, NULL),
(80910, 'Pichari', 809, 8, NULL, NULL),
(80911, 'Inkawasi', 809, 8, NULL, NULL),
(80912, 'Villa Virgen', 809, 8, NULL, NULL),
(80913, 'Villa Kintiarina', 809, 8, NULL, NULL),
(80914, 'Megantoni', 809, 8, NULL, NULL),
(81001, 'Paruro', 810, 8, NULL, NULL),
(81002, 'Accha', 810, 8, NULL, NULL),
(81003, 'Ccapi', 810, 8, NULL, NULL),
(81004, 'Colcha', 810, 8, NULL, NULL),
(81005, 'Huanoquite', 810, 8, NULL, NULL),
(81006, 'Omachaç', 810, 8, NULL, NULL),
(81007, 'Paccaritambo', 810, 8, NULL, NULL),
(81008, 'Pillpinto', 810, 8, NULL, NULL),
(81009, 'Yaurisque', 810, 8, NULL, NULL),
(81101, 'Paucartambo', 811, 8, NULL, NULL),
(81102, 'Caicay', 811, 8, NULL, NULL),
(81103, 'Challabamba', 811, 8, NULL, NULL),
(81104, 'Colquepata', 811, 8, NULL, NULL),
(81105, 'Huancarani', 811, 8, NULL, NULL),
(81106, 'Kosñipata', 811, 8, NULL, NULL),
(81201, 'Urcos', 812, 8, NULL, NULL),
(81202, 'Andahuaylillas', 812, 8, NULL, NULL),
(81203, 'Camanti', 812, 8, NULL, NULL),
(81204, 'Ccarhuayo', 812, 8, NULL, NULL),
(81205, 'Ccatca', 812, 8, NULL, NULL),
(81206, 'Cusipata', 812, 8, NULL, NULL),
(81207, 'Huaro', 812, 8, NULL, NULL),
(81208, 'Lucre', 812, 8, NULL, NULL),
(81209, 'Marcapata', 812, 8, NULL, NULL),
(81210, 'Ocongate', 812, 8, NULL, NULL),
(81211, 'Oropesa', 812, 8, NULL, NULL),
(81212, 'Quiquijana', 812, 8, NULL, NULL),
(81301, 'Urubamba', 813, 8, NULL, NULL),
(81302, 'Chinchero', 813, 8, NULL, NULL),
(81303, 'Huayllabamba', 813, 8, NULL, NULL),
(81304, 'Machupicchu', 813, 8, NULL, NULL),
(81305, 'Maras', 813, 8, NULL, NULL),
(81306, 'Ollantaytambo', 813, 8, NULL, NULL),
(81307, 'Yucay', 813, 8, NULL, NULL),
(90101, 'Huancavelica', 901, 9, NULL, NULL),
(90102, 'Acobambilla', 901, 9, NULL, NULL),
(90103, 'Acoria', 901, 9, NULL, NULL),
(90104, 'Conayca', 901, 9, NULL, NULL),
(90105, 'Cuenca', 901, 9, NULL, NULL),
(90106, 'Huachocolpa', 901, 9, NULL, NULL),
(90107, 'Huayllahuara', 901, 9, NULL, NULL),
(90108, 'Izcuchaca', 901, 9, NULL, NULL),
(90109, 'Laria', 901, 9, NULL, NULL),
(90110, 'Manta', 901, 9, NULL, NULL),
(90111, 'Mariscal Cáceres', 901, 9, NULL, NULL),
(90112, 'Moya', 901, 9, NULL, NULL),
(90113, 'Nuevo Occoro', 901, 9, NULL, NULL),
(90114, 'Palca', 901, 9, NULL, NULL),
(90115, 'Pilchaca', 901, 9, NULL, NULL),
(90116, 'Vilca', 901, 9, NULL, NULL),
(90117, 'Yauli', 901, 9, NULL, NULL),
(90118, 'Ascensión', 901, 9, NULL, NULL),
(90119, 'Huando', 901, 9, NULL, NULL),
(90201, 'Acobamba', 902, 9, NULL, NULL),
(90202, 'Andabamba', 902, 9, NULL, NULL),
(90203, 'Anta', 902, 9, NULL, NULL),
(90204, 'Caja', 902, 9, NULL, NULL),
(90205, 'Marcas', 902, 9, NULL, NULL),
(90206, 'Paucara', 902, 9, NULL, NULL),
(90207, 'Pomacocha', 902, 9, NULL, NULL),
(90208, 'Rosario', 902, 9, NULL, NULL),
(90301, 'Lircay', 903, 9, NULL, NULL),
(90302, 'Anchonga', 903, 9, NULL, NULL),
(90303, 'Callanmarca', 903, 9, NULL, NULL),
(90304, 'Ccochaccasa', 903, 9, NULL, NULL),
(90305, 'Chincho', 903, 9, NULL, NULL),
(90306, 'Congalla', 903, 9, NULL, NULL),
(90307, 'Huanca-Huanca', 903, 9, NULL, NULL),
(90308, 'Huayllay Grande', 903, 9, NULL, NULL),
(90309, 'Julcamarca', 903, 9, NULL, NULL),
(90310, 'San Antonio de Antaparco', 903, 9, NULL, NULL),
(90311, 'Santo Tomas de Pata', 903, 9, NULL, NULL),
(90312, 'Secclla', 903, 9, NULL, NULL),
(90401, 'Castrovirreyna', 904, 9, NULL, NULL),
(90402, 'Arma', 904, 9, NULL, NULL),
(90403, 'Aurahua', 904, 9, NULL, NULL),
(90404, 'Capillas', 904, 9, NULL, NULL),
(90405, 'Chupamarca', 904, 9, NULL, NULL),
(90406, 'Cocas', 904, 9, NULL, NULL),
(90407, 'Huachos', 904, 9, NULL, NULL),
(90408, 'Huamatambo', 904, 9, NULL, NULL),
(90409, 'Mollepampa', 904, 9, NULL, NULL),
(90410, 'San Juan', 904, 9, NULL, NULL),
(90411, 'Santa Ana', 904, 9, NULL, NULL),
(90412, 'Tantara', 904, 9, NULL, NULL),
(90413, 'Ticrapo', 904, 9, NULL, NULL),
(90501, 'Churcampa', 905, 9, NULL, NULL),
(90502, 'Anco', 905, 9, NULL, NULL),
(90503, 'Chinchihuasi', 905, 9, NULL, NULL),
(90504, 'El Carmen', 905, 9, NULL, NULL),
(90505, 'La Merced', 905, 9, NULL, NULL),
(90506, 'Locroja', 905, 9, NULL, NULL),
(90507, 'Paucarbamba', 905, 9, NULL, NULL),
(90508, 'San Miguel de Mayocc', 905, 9, NULL, NULL),
(90509, 'San Pedro de Coris', 905, 9, NULL, NULL),
(90510, 'Pachamarca', 905, 9, NULL, NULL),
(90511, 'Cosme', 905, 9, NULL, NULL),
(90601, 'Huaytara', 906, 9, NULL, NULL),
(90602, 'Ayavi', 906, 9, NULL, NULL),
(90603, 'Córdova', 906, 9, NULL, NULL),
(90604, 'Huayacundo Arma', 906, 9, NULL, NULL),
(90605, 'Laramarca', 906, 9, NULL, NULL),
(90606, 'Ocoyo', 906, 9, NULL, NULL),
(90607, 'Pilpichaca', 906, 9, NULL, NULL),
(90608, 'Querco', 906, 9, NULL, NULL),
(90609, 'Quito-Arma', 906, 9, NULL, NULL),
(90610, 'San Antonio de Cusicancha', 906, 9, NULL, NULL),
(90611, 'San Francisco de Sangayaico', 906, 9, NULL, NULL),
(90612, 'San Isidro', 906, 9, NULL, NULL),
(90613, 'Santiago de Chocorvos', 906, 9, NULL, NULL),
(90614, 'Santiago de Quirahuara', 906, 9, NULL, NULL),
(90615, 'Santo Domingo de Capillas', 906, 9, NULL, NULL),
(90616, 'Tambo', 906, 9, NULL, NULL),
(90701, 'Pampas', 907, 9, NULL, NULL),
(90702, 'Acostambo', 907, 9, NULL, NULL),
(90703, 'Acraquia', 907, 9, NULL, NULL),
(90704, 'Ahuaycha', 907, 9, NULL, NULL),
(90705, 'Colcabamba', 907, 9, NULL, NULL),
(90706, 'Daniel Hernández', 907, 9, NULL, NULL),
(90707, 'Huachocolpa', 907, 9, NULL, NULL),
(90709, 'Huaribamba', 907, 9, NULL, NULL),
(90710, 'Ñahuimpuquio', 907, 9, NULL, NULL),
(90711, 'Pazos', 907, 9, NULL, NULL),
(90713, 'Quishuar', 907, 9, NULL, NULL),
(90714, 'Salcabamba', 907, 9, NULL, NULL),
(90715, 'Salcahuasi', 907, 9, NULL, NULL),
(90716, 'San Marcos de Rocchac', 907, 9, NULL, NULL),
(90717, 'Surcubamba', 907, 9, NULL, NULL),
(90718, 'Tintay Puncu', 907, 9, NULL, NULL),
(90719, 'Quichuas', 907, 9, NULL, NULL),
(90720, 'Andaymarca', 907, 9, NULL, NULL),
(90721, 'Roble', 907, 9, NULL, NULL),
(90722, 'Pichos', 907, 9, NULL, NULL),
(90723, 'Santiago de Tucuma', 907, 9, NULL, NULL),
(100101, 'Huanuco', 1001, 10, NULL, NULL),
(100102, 'Amarilis', 1001, 10, NULL, NULL),
(100103, 'Chinchao', 1001, 10, NULL, NULL),
(100104, 'Churubamba', 1001, 10, NULL, NULL),
(100105, 'Margos', 1001, 10, NULL, NULL),
(100106, 'Quisqui (Kichki)', 1001, 10, NULL, NULL),
(100107, 'San Francisco de Cayran', 1001, 10, NULL, NULL),
(100108, 'San Pedro de Chaulan', 1001, 10, NULL, NULL),
(100109, 'Santa María del Valle', 1001, 10, NULL, NULL),
(100110, 'Yarumayo', 1001, 10, NULL, NULL),
(100111, 'Pillco Marca', 1001, 10, NULL, NULL),
(100112, 'Yacus', 1001, 10, NULL, NULL),
(100113, 'San Pablo de Pillao', 1001, 10, NULL, NULL),
(100201, 'Ambo', 1002, 10, NULL, NULL),
(100202, 'Cayna', 1002, 10, NULL, NULL),
(100203, 'Colpas', 1002, 10, NULL, NULL),
(100204, 'Conchamarca', 1002, 10, NULL, NULL),
(100205, 'Huacar', 1002, 10, NULL, NULL),
(100206, 'San Francisco', 1002, 10, NULL, NULL),
(100207, 'San Rafael', 1002, 10, NULL, NULL),
(100208, 'Tomay Kichwa', 1002, 10, NULL, NULL),
(100301, 'La Unión', 1003, 10, NULL, NULL),
(100307, 'Chuquis', 1003, 10, NULL, NULL),
(100311, 'Marías', 1003, 10, NULL, NULL),
(100313, 'Pachas', 1003, 10, NULL, NULL),
(100316, 'Quivilla', 1003, 10, NULL, NULL),
(100317, 'Ripan', 1003, 10, NULL, NULL),
(100321, 'Shunqui', 1003, 10, NULL, NULL),
(100322, 'Sillapata', 1003, 10, NULL, NULL),
(100323, 'Yanas', 1003, 10, NULL, NULL),
(100401, 'Huacaybamba', 1004, 10, NULL, NULL),
(100402, 'Canchabamba', 1004, 10, NULL, NULL),
(100403, 'Cochabamba', 1004, 10, NULL, NULL),
(100404, 'Pinra', 1004, 10, NULL, NULL),
(100501, 'Llata', 1005, 10, NULL, NULL),
(100502, 'Arancay', 1005, 10, NULL, NULL),
(100503, 'Chavín de Pariarca', 1005, 10, NULL, NULL),
(100504, 'Jacas Grande', 1005, 10, NULL, NULL),
(100505, 'Jircan', 1005, 10, NULL, NULL),
(100506, 'Miraflores', 1005, 10, NULL, NULL),
(100507, 'Monzón', 1005, 10, NULL, NULL),
(100508, 'Punchao', 1005, 10, NULL, NULL),
(100509, 'Puños', 1005, 10, NULL, NULL),
(100510, 'Singa', 1005, 10, NULL, NULL),
(100511, 'Tantamayo', 1005, 10, NULL, NULL),
(100601, 'Rupa-Rupa', 1006, 10, NULL, NULL),
(100602, 'Daniel Alomía Robles', 1006, 10, NULL, NULL),
(100603, 'Hermílio Valdizan', 1006, 10, NULL, NULL),
(100604, 'José Crespo y Castillo', 1006, 10, NULL, NULL),
(100605, 'Luyando', 1006, 10, NULL, NULL),
(100606, 'Mariano Damaso Beraun', 1006, 10, NULL, NULL),
(100607, 'Pucayacu', 1006, 10, NULL, NULL),
(100608, 'Castillo Grande', 1006, 10, NULL, NULL),
(100609, 'Pueblo Nuevo', 1006, 10, NULL, NULL),
(100610, 'Santo Domingo de Anda', 1006, 10, NULL, NULL),
(100701, 'Huacrachuco', 1007, 10, NULL, NULL),
(100702, 'Cholon', 1007, 10, NULL, NULL),
(100703, 'San Buenaventura', 1007, 10, NULL, NULL),
(100704, 'La Morada', 1007, 10, NULL, NULL),
(100705, 'Santa Rosa de Alto Yanajanca', 1007, 10, NULL, NULL),
(100801, 'Panao', 1008, 10, NULL, NULL),
(100802, 'Chaglla', 1008, 10, NULL, NULL),
(100803, 'Molino', 1008, 10, NULL, NULL),
(100804, 'Umari', 1008, 10, NULL, NULL),
(100901, 'Puerto Inca', 1009, 10, NULL, NULL),
(100902, 'Codo del Pozuzo', 1009, 10, NULL, NULL),
(100903, 'Honoria', 1009, 10, NULL, NULL),
(100904, 'Tournavista', 1009, 10, NULL, NULL),
(100905, 'Yuyapichis', 1009, 10, NULL, NULL),
(101001, 'Jesús', 1010, 10, NULL, NULL),
(101002, 'Baños', 1010, 10, NULL, NULL),
(101003, 'Jivia', 1010, 10, NULL, NULL),
(101004, 'Queropalca', 1010, 10, NULL, NULL),
(101005, 'Rondos', 1010, 10, NULL, NULL),
(101006, 'San Francisco de Asís', 1010, 10, NULL, NULL),
(101007, 'San Miguel de Cauri', 1010, 10, NULL, NULL),
(101101, 'Chavinillo', 1011, 10, NULL, NULL),
(101102, 'Cahuac', 1011, 10, NULL, NULL),
(101103, 'Chacabamba', 1011, 10, NULL, NULL),
(101104, 'Aparicio Pomares', 1011, 10, NULL, NULL),
(101105, 'Jacas Chico', 1011, 10, NULL, NULL),
(101106, 'Obas', 1011, 10, NULL, NULL),
(101107, 'Pampamarca', 1011, 10, NULL, NULL),
(101108, 'Choras', 1011, 10, NULL, NULL),
(110101, 'Ica', 1101, 11, NULL, NULL),
(110102, 'La Tinguiña', 1101, 11, NULL, NULL),
(110103, 'Los Aquijes', 1101, 11, NULL, NULL),
(110104, 'Ocucaje', 1101, 11, NULL, NULL),
(110105, 'Pachacutec', 1101, 11, NULL, NULL),
(110106, 'Parcona', 1101, 11, NULL, NULL),
(110107, 'Pueblo Nuevo', 1101, 11, NULL, NULL),
(110108, 'Salas', 1101, 11, NULL, NULL),
(110109, 'San José de Los Molinos', 1101, 11, NULL, NULL),
(110110, 'San Juan Bautista', 1101, 11, NULL, NULL),
(110111, 'Santiago', 1101, 11, NULL, NULL),
(110112, 'Subtanjalla', 1101, 11, NULL, NULL),
(110113, 'Tate', 1101, 11, NULL, NULL),
(110114, 'Yauca del Rosario', 1101, 11, NULL, NULL),
(110201, 'Chincha Alta', 1102, 11, NULL, NULL),
(110202, 'Alto Laran', 1102, 11, NULL, NULL),
(110203, 'Chavin', 1102, 11, NULL, NULL),
(110204, 'Chincha Baja', 1102, 11, NULL, NULL),
(110205, 'El Carmen', 1102, 11, NULL, NULL),
(110206, 'Grocio Prado', 1102, 11, NULL, NULL),
(110207, 'Pueblo Nuevo', 1102, 11, NULL, NULL),
(110208, 'San Juan de Yanac', 1102, 11, NULL, NULL),
(110209, 'San Pedro de Huacarpana', 1102, 11, NULL, NULL),
(110210, 'Sunampe', 1102, 11, NULL, NULL),
(110211, 'Tambo de Mora', 1102, 11, NULL, NULL),
(110301, 'Nasca', 1103, 11, NULL, NULL),
(110302, 'Changuillo', 1103, 11, NULL, NULL),
(110303, 'El Ingenio', 1103, 11, NULL, NULL),
(110304, 'Marcona', 1103, 11, NULL, NULL),
(110305, 'Vista Alegre', 1103, 11, NULL, NULL),
(110401, 'Palpa', 1104, 11, NULL, NULL),
(110402, 'Llipata', 1104, 11, NULL, NULL),
(110403, 'Río Grande', 1104, 11, NULL, NULL),
(110404, 'Santa Cruz', 1104, 11, NULL, NULL),
(110405, 'Tibillo', 1104, 11, NULL, NULL),
(110501, 'Pisco', 1105, 11, NULL, NULL),
(110502, 'Huancano', 1105, 11, NULL, NULL),
(110503, 'Humay', 1105, 11, NULL, NULL),
(110504, 'Independencia', 1105, 11, NULL, NULL),
(110505, 'Paracas', 1105, 11, NULL, NULL),
(110506, 'San Andrés', 1105, 11, NULL, NULL),
(110507, 'San Clemente', 1105, 11, NULL, NULL),
(110508, 'Tupac Amaru Inca', 1105, 11, NULL, NULL),
(120101, 'Huancayo', 1201, 12, NULL, NULL),
(120104, 'Carhuacallanga', 1201, 12, NULL, NULL),
(120105, 'Chacapampa', 1201, 12, NULL, NULL),
(120106, 'Chicche', 1201, 12, NULL, NULL),
(120107, 'Chilca', 1201, 12, NULL, NULL),
(120108, 'Chongos Alto', 1201, 12, NULL, NULL),
(120111, 'Chupuro', 1201, 12, NULL, NULL),
(120112, 'Colca', 1201, 12, NULL, NULL),
(120113, 'Cullhuas', 1201, 12, NULL, NULL),
(120114, 'El Tambo', 1201, 12, NULL, NULL),
(120116, 'Huacrapuquio', 1201, 12, NULL, NULL),
(120117, 'Hualhuas', 1201, 12, NULL, NULL),
(120119, 'Huancan', 1201, 12, NULL, NULL),
(120120, 'Huasicancha', 1201, 12, NULL, NULL),
(120121, 'Huayucachi', 1201, 12, NULL, NULL),
(120122, 'Ingenio', 1201, 12, NULL, NULL),
(120124, 'Pariahuanca', 1201, 12, NULL, NULL),
(120125, 'Pilcomayo', 1201, 12, NULL, NULL),
(120126, 'Pucara', 1201, 12, NULL, NULL),
(120127, 'Quichuay', 1201, 12, NULL, NULL),
(120128, 'Quilcas', 1201, 12, NULL, NULL),
(120129, 'San Agustín', 1201, 12, NULL, NULL),
(120130, 'San Jerónimo de Tunan', 1201, 12, NULL, NULL),
(120132, 'Saño', 1201, 12, NULL, NULL),
(120133, 'Sapallanga', 1201, 12, NULL, NULL),
(120134, 'Sicaya', 1201, 12, NULL, NULL),
(120135, 'Santo Domingo de Acobamba', 1201, 12, NULL, NULL),
(120136, 'Viques', 1201, 12, NULL, NULL),
(120201, 'Concepción', 1202, 12, NULL, NULL),
(120202, 'Aco', 1202, 12, NULL, NULL),
(120203, 'Andamarca', 1202, 12, NULL, NULL),
(120204, 'Chambara', 1202, 12, NULL, NULL),
(120205, 'Cochas', 1202, 12, NULL, NULL),
(120206, 'Comas', 1202, 12, NULL, NULL),
(120207, 'Heroínas Toledo', 1202, 12, NULL, NULL),
(120208, 'Manzanares', 1202, 12, NULL, NULL),
(120209, 'Mariscal Castilla', 1202, 12, NULL, NULL),
(120210, 'Matahuasi', 1202, 12, NULL, NULL),
(120211, 'Mito', 1202, 12, NULL, NULL),
(120212, 'Nueve de Julio', 1202, 12, NULL, NULL),
(120213, 'Orcotuna', 1202, 12, NULL, NULL),
(120214, 'San José de Quero', 1202, 12, NULL, NULL),
(120215, 'Santa Rosa de Ocopa', 1202, 12, NULL, NULL),
(120301, 'Chanchamayo', 1203, 12, NULL, NULL),
(120302, 'Perene', 1203, 12, NULL, NULL),
(120303, 'Pichanaqui', 1203, 12, NULL, NULL),
(120304, 'San Luis de Shuaro', 1203, 12, NULL, NULL),
(120305, 'San Ramón', 1203, 12, NULL, NULL),
(120306, 'Vitoc', 1203, 12, NULL, NULL),
(120401, 'Jauja', 1204, 12, NULL, NULL),
(120402, 'Acolla', 1204, 12, NULL, NULL),
(120403, 'Apata', 1204, 12, NULL, NULL),
(120404, 'Ataura', 1204, 12, NULL, NULL),
(120405, 'Canchayllo', 1204, 12, NULL, NULL),
(120406, 'Curicaca', 1204, 12, NULL, NULL),
(120407, 'El Mantaro', 1204, 12, NULL, NULL),
(120408, 'Huamali', 1204, 12, NULL, NULL),
(120409, 'Huaripampa', 1204, 12, NULL, NULL),
(120410, 'Huertas', 1204, 12, NULL, NULL),
(120411, 'Janjaillo', 1204, 12, NULL, NULL),
(120412, 'Julcán', 1204, 12, NULL, NULL),
(120413, 'Leonor Ordóñez', 1204, 12, NULL, NULL),
(120414, 'Llocllapampa', 1204, 12, NULL, NULL),
(120415, 'Marco', 1204, 12, NULL, NULL),
(120416, 'Masma', 1204, 12, NULL, NULL),
(120417, 'Masma Chicche', 1204, 12, NULL, NULL),
(120418, 'Molinos', 1204, 12, NULL, NULL),
(120419, 'Monobamba', 1204, 12, NULL, NULL),
(120420, 'Muqui', 1204, 12, NULL, NULL),
(120421, 'Muquiyauyo', 1204, 12, NULL, NULL),
(120422, 'Paca', 1204, 12, NULL, NULL),
(120423, 'Paccha', 1204, 12, NULL, NULL),
(120424, 'Pancan', 1204, 12, NULL, NULL),
(120425, 'Parco', 1204, 12, NULL, NULL),
(120426, 'Pomacancha', 1204, 12, NULL, NULL),
(120427, 'Ricran', 1204, 12, NULL, NULL),
(120428, 'San Lorenzo', 1204, 12, NULL, NULL),
(120429, 'San Pedro de Chunan', 1204, 12, NULL, NULL),
(120430, 'Sausa', 1204, 12, NULL, NULL),
(120431, 'Sincos', 1204, 12, NULL, NULL),
(120432, 'Tunan Marca', 1204, 12, NULL, NULL),
(120433, 'Yauli', 1204, 12, NULL, NULL),
(120434, 'Yauyos', 1204, 12, NULL, NULL),
(120501, 'Junin', 1205, 12, NULL, NULL),
(120502, 'Carhuamayo', 1205, 12, NULL, NULL),
(120503, 'Ondores', 1205, 12, NULL, NULL),
(120504, 'Ulcumayo', 1205, 12, NULL, NULL),
(120601, 'Satipo', 1206, 12, NULL, NULL),
(120602, 'Coviriali', 1206, 12, NULL, NULL),
(120603, 'Llaylla', 1206, 12, NULL, NULL),
(120604, 'Mazamari', 1206, 12, NULL, NULL),
(120605, 'Pampa Hermosa', 1206, 12, NULL, NULL),
(120606, 'Pangoa', 1206, 12, NULL, NULL),
(120607, 'Río Negro', 1206, 12, NULL, NULL),
(120608, 'Río Tambo', 1206, 12, NULL, NULL),
(120609, 'Vizcatan del Ene', 1206, 12, NULL, NULL),
(120701, 'Tarma', 1207, 12, NULL, NULL),
(120702, 'Acobamba', 1207, 12, NULL, NULL),
(120703, 'Huaricolca', 1207, 12, NULL, NULL),
(120704, 'Huasahuasi', 1207, 12, NULL, NULL),
(120705, 'La Unión', 1207, 12, NULL, NULL),
(120706, 'Palca', 1207, 12, NULL, NULL),
(120707, 'Palcamayo', 1207, 12, NULL, NULL),
(120708, 'San Pedro de Cajas', 1207, 12, NULL, NULL),
(120709, 'Tapo', 1207, 12, NULL, NULL),
(120801, 'La Oroya', 1208, 12, NULL, NULL),
(120802, 'Chacapalpa', 1208, 12, NULL, NULL),
(120803, 'Huay-Huay', 1208, 12, NULL, NULL),
(120804, 'Marcapomacocha', 1208, 12, NULL, NULL),
(120805, 'Morococha', 1208, 12, NULL, NULL),
(120806, 'Paccha', 1208, 12, NULL, NULL),
(120807, 'Santa Bárbara de Carhuacayan', 1208, 12, NULL, NULL),
(120808, 'Santa Rosa de Sacco', 1208, 12, NULL, NULL),
(120809, 'Suitucancha', 1208, 12, NULL, NULL),
(120810, 'Yauli', 1208, 12, NULL, NULL),
(120901, 'Chupaca', 1209, 12, NULL, NULL),
(120902, 'Ahuac', 1209, 12, NULL, NULL),
(120903, 'Chongos Bajo', 1209, 12, NULL, NULL),
(120904, 'Huachac', 1209, 12, NULL, NULL),
(120905, 'Huamancaca Chico', 1209, 12, NULL, NULL),
(120906, 'San Juan de Iscos', 1209, 12, NULL, NULL),
(120907, 'San Juan de Jarpa', 1209, 12, NULL, NULL),
(120908, 'Tres de Diciembre', 1209, 12, NULL, NULL),
(120909, 'Yanacancha', 1209, 12, NULL, NULL),
(130101, 'Trujillo', 1301, 13, NULL, NULL),
(130102, 'El Porvenir', 1301, 13, NULL, NULL),
(130103, 'Florencia de Mora', 1301, 13, NULL, NULL),
(130104, 'Huanchaco', 1301, 13, NULL, NULL),
(130105, 'La Esperanza', 1301, 13, NULL, NULL),
(130106, 'Laredo', 1301, 13, NULL, NULL),
(130107, 'Moche', 1301, 13, NULL, NULL),
(130108, 'Poroto', 1301, 13, NULL, NULL),
(130109, 'Salaverry', 1301, 13, NULL, NULL),
(130110, 'Simbal', 1301, 13, NULL, NULL),
(130111, 'Victor Larco Herrera', 1301, 13, NULL, NULL),
(130201, 'Ascope', 1302, 13, NULL, NULL),
(130202, 'Chicama', 1302, 13, NULL, NULL),
(130203, 'Chocope', 1302, 13, NULL, NULL),
(130204, 'Magdalena de Cao', 1302, 13, NULL, NULL),
(130205, 'Paijan', 1302, 13, NULL, NULL),
(130206, 'Rázuri', 1302, 13, NULL, NULL),
(130207, 'Santiago de Cao', 1302, 13, NULL, NULL),
(130208, 'Casa Grande', 1302, 13, NULL, NULL),
(130301, 'Bolívar', 1303, 13, NULL, NULL),
(130302, 'Bambamarca', 1303, 13, NULL, NULL),
(130303, 'Condormarca', 1303, 13, NULL, NULL),
(130304, 'Longotea', 1303, 13, NULL, NULL),
(130305, 'Uchumarca', 1303, 13, NULL, NULL),
(130306, 'Ucuncha', 1303, 13, NULL, NULL),
(130401, 'Chepen', 1304, 13, NULL, NULL),
(130402, 'Pacanga', 1304, 13, NULL, NULL),
(130403, 'Pueblo Nuevo', 1304, 13, NULL, NULL),
(130501, 'Julcan', 1305, 13, NULL, NULL),
(130502, 'Calamarca', 1305, 13, NULL, NULL),
(130503, 'Carabamba', 1305, 13, NULL, NULL),
(130504, 'Huaso', 1305, 13, NULL, NULL),
(130601, 'Otuzco', 1306, 13, NULL, NULL),
(130602, 'Agallpampa', 1306, 13, NULL, NULL),
(130604, 'Charat', 1306, 13, NULL, NULL),
(130605, 'Huaranchal', 1306, 13, NULL, NULL),
(130606, 'La Cuesta', 1306, 13, NULL, NULL),
(130608, 'Mache', 1306, 13, NULL, NULL),
(130610, 'Paranday', 1306, 13, NULL, NULL),
(130611, 'Salpo', 1306, 13, NULL, NULL),
(130613, 'Sinsicap', 1306, 13, NULL, NULL),
(130614, 'Usquil', 1306, 13, NULL, NULL),
(130701, 'San Pedro de Lloc', 1307, 13, NULL, NULL),
(130702, 'Guadalupe', 1307, 13, NULL, NULL),
(130703, 'Jequetepeque', 1307, 13, NULL, NULL),
(130704, 'Pacasmayo', 1307, 13, NULL, NULL),
(130705, 'San José', 1307, 13, NULL, NULL),
(130801, 'Tayabamba', 1308, 13, NULL, NULL),
(130802, 'Buldibuyo', 1308, 13, NULL, NULL),
(130803, 'Chillia', 1308, 13, NULL, NULL),
(130804, 'Huancaspata', 1308, 13, NULL, NULL),
(130805, 'Huaylillas', 1308, 13, NULL, NULL),
(130806, 'Huayo', 1308, 13, NULL, NULL),
(130807, 'Ongon', 1308, 13, NULL, NULL),
(130808, 'Parcoy', 1308, 13, NULL, NULL),
(130809, 'Pataz', 1308, 13, NULL, NULL),
(130810, 'Pias', 1308, 13, NULL, NULL);
INSERT INTO `districts` (`id`, `name`, `provinces_id`, `departments_id`, `created_at`, `updated_at`) VALUES
(130811, 'Santiago de Challas', 1308, 13, NULL, NULL),
(130812, 'Taurija', 1308, 13, NULL, NULL),
(130813, 'Urpay', 1308, 13, NULL, NULL),
(130901, 'Huamachuco', 1309, 13, NULL, NULL),
(130902, 'Chugay', 1309, 13, NULL, NULL),
(130903, 'Cochorco', 1309, 13, NULL, NULL),
(130904, 'Curgos', 1309, 13, NULL, NULL),
(130905, 'Marcabal', 1309, 13, NULL, NULL),
(130906, 'Sanagoran', 1309, 13, NULL, NULL),
(130907, 'Sarin', 1309, 13, NULL, NULL),
(130908, 'Sartimbamba', 1309, 13, NULL, NULL),
(131001, 'Santiago de Chuco', 1310, 13, NULL, NULL),
(131002, 'Angasmarca', 1310, 13, NULL, NULL),
(131003, 'Cachicadan', 1310, 13, NULL, NULL),
(131004, 'Mollebamba', 1310, 13, NULL, NULL),
(131005, 'Mollepata', 1310, 13, NULL, NULL),
(131006, 'Quiruvilca', 1310, 13, NULL, NULL),
(131007, 'Santa Cruz de Chuca', 1310, 13, NULL, NULL),
(131008, 'Sitabamba', 1310, 13, NULL, NULL),
(131101, 'Cascas', 1311, 13, NULL, NULL),
(131102, 'Lucma', 1311, 13, NULL, NULL),
(131103, 'Marmot', 1311, 13, NULL, NULL),
(131104, 'Sayapullo', 1311, 13, NULL, NULL),
(131201, 'Viru', 1312, 13, NULL, NULL),
(131202, 'Chao', 1312, 13, NULL, NULL),
(131203, 'Guadalupito', 1312, 13, NULL, NULL),
(140101, 'Chiclayo', 1401, 14, NULL, NULL),
(140102, 'Chongoyape', 1401, 14, NULL, NULL),
(140103, 'Eten', 1401, 14, NULL, NULL),
(140104, 'Eten Puerto', 1401, 14, NULL, NULL),
(140105, 'José Leonardo Ortiz', 1401, 14, NULL, NULL),
(140106, 'La Victoria', 1401, 14, NULL, NULL),
(140107, 'Lagunas', 1401, 14, NULL, NULL),
(140108, 'Monsefu', 1401, 14, NULL, NULL),
(140109, 'Nueva Arica', 1401, 14, NULL, NULL),
(140110, 'Oyotun', 1401, 14, NULL, NULL),
(140111, 'Picsi', 1401, 14, NULL, NULL),
(140112, 'Pimentel', 1401, 14, NULL, NULL),
(140113, 'Reque', 1401, 14, NULL, NULL),
(140114, 'Santa Rosa', 1401, 14, NULL, NULL),
(140115, 'Saña', 1401, 14, NULL, NULL),
(140116, 'Cayalti', 1401, 14, NULL, NULL),
(140117, 'Patapo', 1401, 14, NULL, NULL),
(140118, 'Pomalca', 1401, 14, NULL, NULL),
(140119, 'Pucala', 1401, 14, NULL, NULL),
(140120, 'Tuman', 1401, 14, NULL, NULL),
(140201, 'Ferreñafe', 1402, 14, NULL, NULL),
(140202, 'Cañaris', 1402, 14, NULL, NULL),
(140203, 'Incahuasi', 1402, 14, NULL, NULL),
(140204, 'Manuel Antonio Mesones Muro', 1402, 14, NULL, NULL),
(140205, 'Pitipo', 1402, 14, NULL, NULL),
(140206, 'Pueblo Nuevo', 1402, 14, NULL, NULL),
(140301, 'Lambayeque', 1403, 14, NULL, NULL),
(140302, 'Chochope', 1403, 14, NULL, NULL),
(140303, 'Illimo', 1403, 14, NULL, NULL),
(140304, 'Jayanca', 1403, 14, NULL, NULL),
(140305, 'Mochumi', 1403, 14, NULL, NULL),
(140306, 'Morrope', 1403, 14, NULL, NULL),
(140307, 'Motupe', 1403, 14, NULL, NULL),
(140308, 'Olmos', 1403, 14, NULL, NULL),
(140309, 'Pacora', 1403, 14, NULL, NULL),
(140310, 'Salas', 1403, 14, NULL, NULL),
(140311, 'San José', 1403, 14, NULL, NULL),
(140312, 'Tucume', 1403, 14, NULL, NULL),
(150101, 'Lima', 1501, 15, NULL, NULL),
(150102, 'Ancón', 1501, 15, NULL, NULL),
(150103, 'Ate', 1501, 15, NULL, NULL),
(150104, 'Barranco', 1501, 15, NULL, NULL),
(150105, 'Breña', 1501, 15, NULL, NULL),
(150106, 'Carabayllo', 1501, 15, NULL, NULL),
(150107, 'Chaclacayo', 1501, 15, NULL, NULL),
(150108, 'Chorrillos', 1501, 15, NULL, NULL),
(150109, 'Cieneguilla', 1501, 15, NULL, NULL),
(150110, 'Comas', 1501, 15, NULL, NULL),
(150111, 'El Agustino', 1501, 15, NULL, NULL),
(150112, 'Independencia', 1501, 15, NULL, NULL),
(150113, 'Jesús María', 1501, 15, NULL, NULL),
(150114, 'La Molina', 1501, 15, NULL, NULL),
(150115, 'La Victoria', 1501, 15, NULL, NULL),
(150116, 'Lince', 1501, 15, NULL, NULL),
(150117, 'Los Olivos', 1501, 15, NULL, NULL),
(150118, 'Lurigancho', 1501, 15, NULL, NULL),
(150119, 'Lurin', 1501, 15, NULL, NULL),
(150120, 'Magdalena del Mar', 1501, 15, NULL, NULL),
(150121, 'Pueblo Libre', 1501, 15, NULL, NULL),
(150122, 'Miraflores', 1501, 15, NULL, NULL),
(150123, 'Pachacamac', 1501, 15, NULL, NULL),
(150124, 'Pucusana', 1501, 15, NULL, NULL),
(150125, 'Puente Piedra', 1501, 15, NULL, NULL),
(150126, 'Punta Hermosa', 1501, 15, NULL, NULL),
(150127, 'Punta Negra', 1501, 15, NULL, NULL),
(150128, 'Rímac', 1501, 15, NULL, NULL),
(150129, 'San Bartolo', 1501, 15, NULL, NULL),
(150130, 'San Borja', 1501, 15, NULL, NULL),
(150131, 'San Isidro', 1501, 15, NULL, NULL),
(150132, 'San Juan de Lurigancho', 1501, 15, NULL, NULL),
(150133, 'San Juan de Miraflores', 1501, 15, NULL, NULL),
(150134, 'San Luis', 1501, 15, NULL, NULL),
(150135, 'San Martín de Porres', 1501, 15, NULL, NULL),
(150136, 'San Miguel', 1501, 15, NULL, NULL),
(150137, 'Santa Anita', 1501, 15, NULL, NULL),
(150138, 'Santa María del Mar', 1501, 15, NULL, NULL),
(150139, 'Santa Rosa', 1501, 15, NULL, NULL),
(150140, 'Santiago de Surco', 1501, 15, NULL, NULL),
(150141, 'Surquillo', 1501, 15, NULL, NULL),
(150142, 'Villa El Salvador', 1501, 15, NULL, NULL),
(150143, 'Villa María del Triunfo', 1501, 15, NULL, NULL),
(150201, 'Barranca', 1502, 15, NULL, NULL),
(150202, 'Paramonga', 1502, 15, NULL, NULL),
(150203, 'Pativilca', 1502, 15, NULL, NULL),
(150204, 'Supe', 1502, 15, NULL, NULL),
(150205, 'Supe Puerto', 1502, 15, NULL, NULL),
(150301, 'Cajatambo', 1503, 15, NULL, NULL),
(150302, 'Copa', 1503, 15, NULL, NULL),
(150303, 'Gorgor', 1503, 15, NULL, NULL),
(150304, 'Huancapon', 1503, 15, NULL, NULL),
(150305, 'Manas', 1503, 15, NULL, NULL),
(150401, 'Canta', 1504, 15, NULL, NULL),
(150402, 'Arahuay', 1504, 15, NULL, NULL),
(150403, 'Huamantanga', 1504, 15, NULL, NULL),
(150404, 'Huaros', 1504, 15, NULL, NULL),
(150405, 'Lachaqui', 1504, 15, NULL, NULL),
(150406, 'San Buenaventura', 1504, 15, NULL, NULL),
(150407, 'Santa Rosa de Quives', 1504, 15, NULL, NULL),
(150501, 'San Vicente de Cañete', 1505, 15, NULL, NULL),
(150502, 'Asia', 1505, 15, NULL, NULL),
(150503, 'Calango', 1505, 15, NULL, NULL),
(150504, 'Cerro Azul', 1505, 15, NULL, NULL),
(150505, 'Chilca', 1505, 15, NULL, NULL),
(150506, 'Coayllo', 1505, 15, NULL, NULL),
(150507, 'Imperial', 1505, 15, NULL, NULL),
(150508, 'Lunahuana', 1505, 15, NULL, NULL),
(150509, 'Mala', 1505, 15, NULL, NULL),
(150510, 'Nuevo Imperial', 1505, 15, NULL, NULL),
(150511, 'Pacaran', 1505, 15, NULL, NULL),
(150512, 'Quilmana', 1505, 15, NULL, NULL),
(150513, 'San Antonio', 1505, 15, NULL, NULL),
(150514, 'San Luis', 1505, 15, NULL, NULL),
(150515, 'Santa Cruz de Flores', 1505, 15, NULL, NULL),
(150516, 'Zúñiga', 1505, 15, NULL, NULL),
(150601, 'Huaral', 1506, 15, NULL, NULL),
(150602, 'Atavillos Alto', 1506, 15, NULL, NULL),
(150603, 'Atavillos Bajo', 1506, 15, NULL, NULL),
(150604, 'Aucallama', 1506, 15, NULL, NULL),
(150605, 'Chancay', 1506, 15, NULL, NULL),
(150606, 'Ihuari', 1506, 15, NULL, NULL),
(150607, 'Lampian', 1506, 15, NULL, NULL),
(150608, 'Pacaraos', 1506, 15, NULL, NULL),
(150609, 'San Miguel de Acos', 1506, 15, NULL, NULL),
(150610, 'Santa Cruz de Andamarca', 1506, 15, NULL, NULL),
(150611, 'Sumbilca', 1506, 15, NULL, NULL),
(150612, 'Veintisiete de Noviembre', 1506, 15, NULL, NULL),
(150701, 'Matucana', 1507, 15, NULL, NULL),
(150702, 'Antioquia', 1507, 15, NULL, NULL),
(150703, 'Callahuanca', 1507, 15, NULL, NULL),
(150704, 'Carampoma', 1507, 15, NULL, NULL),
(150705, 'Chicla', 1507, 15, NULL, NULL),
(150706, 'Cuenca', 1507, 15, NULL, NULL),
(150707, 'Huachupampa', 1507, 15, NULL, NULL),
(150708, 'Huanza', 1507, 15, NULL, NULL),
(150709, 'Huarochiri', 1507, 15, NULL, NULL),
(150710, 'Lahuaytambo', 1507, 15, NULL, NULL),
(150711, 'Langa', 1507, 15, NULL, NULL),
(150712, 'Laraos', 1507, 15, NULL, NULL),
(150713, 'Mariatana', 1507, 15, NULL, NULL),
(150714, 'Ricardo Palma', 1507, 15, NULL, NULL),
(150715, 'San Andrés de Tupicocha', 1507, 15, NULL, NULL),
(150716, 'San Antonio', 1507, 15, NULL, NULL),
(150717, 'San Bartolomé', 1507, 15, NULL, NULL),
(150718, 'San Damian', 1507, 15, NULL, NULL),
(150719, 'San Juan de Iris', 1507, 15, NULL, NULL),
(150720, 'San Juan de Tantaranche', 1507, 15, NULL, NULL),
(150721, 'San Lorenzo de Quinti', 1507, 15, NULL, NULL),
(150722, 'San Mateo', 1507, 15, NULL, NULL),
(150723, 'San Mateo de Otao', 1507, 15, NULL, NULL),
(150724, 'San Pedro de Casta', 1507, 15, NULL, NULL),
(150725, 'San Pedro de Huancayre', 1507, 15, NULL, NULL),
(150726, 'Sangallaya', 1507, 15, NULL, NULL),
(150727, 'Santa Cruz de Cocachacra', 1507, 15, NULL, NULL),
(150728, 'Santa Eulalia', 1507, 15, NULL, NULL),
(150729, 'Santiago de Anchucaya', 1507, 15, NULL, NULL),
(150730, 'Santiago de Tuna', 1507, 15, NULL, NULL),
(150731, 'Santo Domingo de Los Olleros', 1507, 15, NULL, NULL),
(150732, 'Surco', 1507, 15, NULL, NULL),
(150801, 'Huacho', 1508, 15, NULL, NULL),
(150802, 'Ambar', 1508, 15, NULL, NULL),
(150803, 'Caleta de Carquin', 1508, 15, NULL, NULL),
(150804, 'Checras', 1508, 15, NULL, NULL),
(150805, 'Hualmay', 1508, 15, NULL, NULL),
(150806, 'Huaura', 1508, 15, NULL, NULL),
(150807, 'Leoncio Prado', 1508, 15, NULL, NULL),
(150808, 'Paccho', 1508, 15, NULL, NULL),
(150809, 'Santa Leonor', 1508, 15, NULL, NULL),
(150810, 'Santa María', 1508, 15, NULL, NULL),
(150811, 'Sayan', 1508, 15, NULL, NULL),
(150812, 'Vegueta', 1508, 15, NULL, NULL),
(150901, 'Oyon', 1509, 15, NULL, NULL),
(150902, 'Andajes', 1509, 15, NULL, NULL),
(150903, 'Caujul', 1509, 15, NULL, NULL),
(150904, 'Cochamarca', 1509, 15, NULL, NULL),
(150905, 'Navan', 1509, 15, NULL, NULL),
(150906, 'Pachangara', 1509, 15, NULL, NULL),
(151001, 'Yauyos', 1510, 15, NULL, NULL),
(151002, 'Alis', 1510, 15, NULL, NULL),
(151003, 'Allauca', 1510, 15, NULL, NULL),
(151004, 'Ayaviri', 1510, 15, NULL, NULL),
(151005, 'Azángaro', 1510, 15, NULL, NULL),
(151006, 'Cacra', 1510, 15, NULL, NULL),
(151007, 'Carania', 1510, 15, NULL, NULL),
(151008, 'Catahuasi', 1510, 15, NULL, NULL),
(151009, 'Chocos', 1510, 15, NULL, NULL),
(151010, 'Cochas', 1510, 15, NULL, NULL),
(151011, 'Colonia', 1510, 15, NULL, NULL),
(151012, 'Hongos', 1510, 15, NULL, NULL),
(151013, 'Huampara', 1510, 15, NULL, NULL),
(151014, 'Huancaya', 1510, 15, NULL, NULL),
(151015, 'Huangascar', 1510, 15, NULL, NULL),
(151016, 'Huantan', 1510, 15, NULL, NULL),
(151017, 'Huañec', 1510, 15, NULL, NULL),
(151018, 'Laraos', 1510, 15, NULL, NULL),
(151019, 'Lincha', 1510, 15, NULL, NULL),
(151020, 'Madean', 1510, 15, NULL, NULL),
(151021, 'Miraflores', 1510, 15, NULL, NULL),
(151022, 'Omas', 1510, 15, NULL, NULL),
(151023, 'Putinza', 1510, 15, NULL, NULL),
(151024, 'Quinches', 1510, 15, NULL, NULL),
(151025, 'Quinocay', 1510, 15, NULL, NULL),
(151026, 'San Joaquín', 1510, 15, NULL, NULL),
(151027, 'San Pedro de Pilas', 1510, 15, NULL, NULL),
(151028, 'Tanta', 1510, 15, NULL, NULL),
(151029, 'Tauripampa', 1510, 15, NULL, NULL),
(151030, 'Tomas', 1510, 15, NULL, NULL),
(151031, 'Tupe', 1510, 15, NULL, NULL),
(151032, 'Viñac', 1510, 15, NULL, NULL),
(151033, 'Vitis', 1510, 15, NULL, NULL),
(160101, 'Iquitos', 1601, 16, NULL, NULL),
(160102, 'Alto Nanay', 1601, 16, NULL, NULL),
(160103, 'Fernando Lores', 1601, 16, NULL, NULL),
(160104, 'Indiana', 1601, 16, NULL, NULL),
(160105, 'Las Amazonas', 1601, 16, NULL, NULL),
(160106, 'Mazan', 1601, 16, NULL, NULL),
(160107, 'Napo', 1601, 16, NULL, NULL),
(160108, 'Punchana', 1601, 16, NULL, NULL),
(160110, 'Torres Causana', 1601, 16, NULL, NULL),
(160112, 'Belén', 1601, 16, NULL, NULL),
(160113, 'San Juan Bautista', 1601, 16, NULL, NULL),
(160201, 'Yurimaguas', 1602, 16, NULL, NULL),
(160202, 'Balsapuerto', 1602, 16, NULL, NULL),
(160205, 'Jeberos', 1602, 16, NULL, NULL),
(160206, 'Lagunas', 1602, 16, NULL, NULL),
(160210, 'Santa Cruz', 1602, 16, NULL, NULL),
(160211, 'Teniente Cesar López Rojas', 1602, 16, NULL, NULL),
(160301, 'Nauta', 1603, 16, NULL, NULL),
(160302, 'Parinari', 1603, 16, NULL, NULL),
(160303, 'Tigre', 1603, 16, NULL, NULL),
(160304, 'Trompeteros', 1603, 16, NULL, NULL),
(160305, 'Urarinas', 1603, 16, NULL, NULL),
(160401, 'Ramón Castilla', 1604, 16, NULL, NULL),
(160402, 'Pebas', 1604, 16, NULL, NULL),
(160403, 'Yavari', 1604, 16, NULL, NULL),
(160404, 'San Pablo', 1604, 16, NULL, NULL),
(160501, 'Requena', 1605, 16, NULL, NULL),
(160502, 'Alto Tapiche', 1605, 16, NULL, NULL),
(160503, 'Capelo', 1605, 16, NULL, NULL),
(160504, 'Emilio San Martín', 1605, 16, NULL, NULL),
(160505, 'Maquia', 1605, 16, NULL, NULL),
(160506, 'Puinahua', 1605, 16, NULL, NULL),
(160507, 'Saquena', 1605, 16, NULL, NULL),
(160508, 'Soplin', 1605, 16, NULL, NULL),
(160509, 'Tapiche', 1605, 16, NULL, NULL),
(160510, 'Jenaro Herrera', 1605, 16, NULL, NULL),
(160511, 'Yaquerana', 1605, 16, NULL, NULL),
(160601, 'Contamana', 1606, 16, NULL, NULL),
(160602, 'Inahuaya', 1606, 16, NULL, NULL),
(160603, 'Padre Márquez', 1606, 16, NULL, NULL),
(160604, 'Pampa Hermosa', 1606, 16, NULL, NULL),
(160605, 'Sarayacu', 1606, 16, NULL, NULL),
(160606, 'Vargas Guerra', 1606, 16, NULL, NULL),
(160701, 'Barranca', 1607, 16, NULL, NULL),
(160702, 'Cahuapanas', 1607, 16, NULL, NULL),
(160703, 'Manseriche', 1607, 16, NULL, NULL),
(160704, 'Morona', 1607, 16, NULL, NULL),
(160705, 'Pastaza', 1607, 16, NULL, NULL),
(160706, 'Andoas', 1607, 16, NULL, NULL),
(160801, 'Putumayo', 1608, 16, NULL, NULL),
(160802, 'Rosa Panduro', 1608, 16, NULL, NULL),
(160803, 'Teniente Manuel Clavero', 1608, 16, NULL, NULL),
(160804, 'Yaguas', 1608, 16, NULL, NULL),
(170101, 'Tambopata', 1701, 17, NULL, NULL),
(170102, 'Inambari', 1701, 17, NULL, NULL),
(170103, 'Las Piedras', 1701, 17, NULL, NULL),
(170104, 'Laberinto', 1701, 17, NULL, NULL),
(170201, 'Manu', 1702, 17, NULL, NULL),
(170202, 'Fitzcarrald', 1702, 17, NULL, NULL),
(170203, 'Madre de Dios', 1702, 17, NULL, NULL),
(170204, 'Huepetuhe', 1702, 17, NULL, NULL),
(170301, 'Iñapari', 1703, 17, NULL, NULL),
(170302, 'Iberia', 1703, 17, NULL, NULL),
(170303, 'Tahuamanu', 1703, 17, NULL, NULL),
(180101, 'Moquegua', 1801, 18, NULL, NULL),
(180102, 'Carumas', 1801, 18, NULL, NULL),
(180103, 'Cuchumbaya', 1801, 18, NULL, NULL),
(180104, 'Samegua', 1801, 18, NULL, NULL),
(180105, 'San Cristóbal', 1801, 18, NULL, NULL),
(180106, 'Torata', 1801, 18, NULL, NULL),
(180201, 'Omate', 1802, 18, NULL, NULL),
(180202, 'Chojata', 1802, 18, NULL, NULL),
(180203, 'Coalaque', 1802, 18, NULL, NULL),
(180204, 'Ichuña', 1802, 18, NULL, NULL),
(180205, 'La Capilla', 1802, 18, NULL, NULL),
(180206, 'Lloque', 1802, 18, NULL, NULL),
(180207, 'Matalaque', 1802, 18, NULL, NULL),
(180208, 'Puquina', 1802, 18, NULL, NULL),
(180209, 'Quinistaquillas', 1802, 18, NULL, NULL),
(180210, 'Ubinas', 1802, 18, NULL, NULL),
(180211, 'Yunga', 1802, 18, NULL, NULL),
(180301, 'Ilo', 1803, 18, NULL, NULL),
(180302, 'El Algarrobal', 1803, 18, NULL, NULL),
(180303, 'Pacocha', 1803, 18, NULL, NULL),
(190101, 'Chaupimarca', 1901, 19, NULL, NULL),
(190102, 'Huachon', 1901, 19, NULL, NULL),
(190103, 'Huariaca', 1901, 19, NULL, NULL),
(190104, 'Huayllay', 1901, 19, NULL, NULL),
(190105, 'Ninacaca', 1901, 19, NULL, NULL),
(190106, 'Pallanchacra', 1901, 19, NULL, NULL),
(190107, 'Paucartambo', 1901, 19, NULL, NULL),
(190108, 'San Francisco de Asís de Yarusyacan', 1901, 19, NULL, NULL),
(190109, 'Simon Bolívar', 1901, 19, NULL, NULL),
(190110, 'Ticlacayan', 1901, 19, NULL, NULL),
(190111, 'Tinyahuarco', 1901, 19, NULL, NULL),
(190112, 'Vicco', 1901, 19, NULL, NULL),
(190113, 'Yanacancha', 1901, 19, NULL, NULL),
(190201, 'Yanahuanca', 1902, 19, NULL, NULL),
(190202, 'Chacayan', 1902, 19, NULL, NULL),
(190203, 'Goyllarisquizga', 1902, 19, NULL, NULL),
(190204, 'Paucar', 1902, 19, NULL, NULL),
(190205, 'San Pedro de Pillao', 1902, 19, NULL, NULL),
(190206, 'Santa Ana de Tusi', 1902, 19, NULL, NULL),
(190207, 'Tapuc', 1902, 19, NULL, NULL),
(190208, 'Vilcabamba', 1902, 19, NULL, NULL),
(190301, 'Oxapampa', 1903, 19, NULL, NULL),
(190302, 'Chontabamba', 1903, 19, NULL, NULL),
(190303, 'Huancabamba', 1903, 19, NULL, NULL),
(190304, 'Palcazu', 1903, 19, NULL, NULL),
(190305, 'Pozuzo', 1903, 19, NULL, NULL),
(190306, 'Puerto Bermúdez', 1903, 19, NULL, NULL),
(190307, 'Villa Rica', 1903, 19, NULL, NULL),
(190308, 'Constitución', 1903, 19, NULL, NULL),
(200101, 'Piura', 2001, 20, NULL, NULL),
(200104, 'Castilla', 2001, 20, NULL, NULL),
(200105, 'Catacaos', 2001, 20, NULL, NULL),
(200107, 'Cura Mori', 2001, 20, NULL, NULL),
(200108, 'El Tallan', 2001, 20, NULL, NULL),
(200109, 'La Arena', 2001, 20, NULL, NULL),
(200110, 'La Unión', 2001, 20, NULL, NULL),
(200111, 'Las Lomas', 2001, 20, NULL, NULL),
(200114, 'Tambo Grande', 2001, 20, NULL, NULL),
(200115, 'Veintiseis de Octubre', 2001, 20, NULL, NULL),
(200201, 'Ayabaca', 2002, 20, NULL, NULL),
(200202, 'Frias', 2002, 20, NULL, NULL),
(200203, 'Jilili', 2002, 20, NULL, NULL),
(200204, 'Lagunas', 2002, 20, NULL, NULL),
(200205, 'Montero', 2002, 20, NULL, NULL),
(200206, 'Pacaipampa', 2002, 20, NULL, NULL),
(200207, 'Paimas', 2002, 20, NULL, NULL),
(200208, 'Sapillica', 2002, 20, NULL, NULL),
(200209, 'Sicchez', 2002, 20, NULL, NULL),
(200210, 'Suyo', 2002, 20, NULL, NULL),
(200301, 'Huancabamba', 2003, 20, NULL, NULL),
(200302, 'Canchaque', 2003, 20, NULL, NULL),
(200303, 'El Carmen de la Frontera', 2003, 20, NULL, NULL),
(200304, 'Huarmaca', 2003, 20, NULL, NULL),
(200305, 'Lalaquiz', 2003, 20, NULL, NULL),
(200306, 'San Miguel de El Faique', 2003, 20, NULL, NULL),
(200307, 'Sondor', 2003, 20, NULL, NULL),
(200308, 'Sondorillo', 2003, 20, NULL, NULL),
(200401, 'Chulucanas', 2004, 20, NULL, NULL),
(200402, 'Buenos Aires', 2004, 20, NULL, NULL),
(200403, 'Chalaco', 2004, 20, NULL, NULL),
(200404, 'La Matanza', 2004, 20, NULL, NULL),
(200405, 'Morropon', 2004, 20, NULL, NULL),
(200406, 'Salitral', 2004, 20, NULL, NULL),
(200407, 'San Juan de Bigote', 2004, 20, NULL, NULL),
(200408, 'Santa Catalina de Mossa', 2004, 20, NULL, NULL),
(200409, 'Santo Domingo', 2004, 20, NULL, NULL),
(200410, 'Yamango', 2004, 20, NULL, NULL),
(200501, 'Paita', 2005, 20, NULL, NULL),
(200502, 'Amotape', 2005, 20, NULL, NULL),
(200503, 'Arenal', 2005, 20, NULL, NULL),
(200504, 'Colan', 2005, 20, NULL, NULL),
(200505, 'La Huaca', 2005, 20, NULL, NULL),
(200506, 'Tamarindo', 2005, 20, NULL, NULL),
(200507, 'Vichayal', 2005, 20, NULL, NULL),
(200601, 'Sullana', 2006, 20, NULL, NULL),
(200602, 'Bellavista', 2006, 20, NULL, NULL),
(200603, 'Ignacio Escudero', 2006, 20, NULL, NULL),
(200604, 'Lancones', 2006, 20, NULL, NULL),
(200605, 'Marcavelica', 2006, 20, NULL, NULL),
(200606, 'Miguel Checa', 2006, 20, NULL, NULL),
(200607, 'Querecotillo', 2006, 20, NULL, NULL),
(200608, 'Salitral', 2006, 20, NULL, NULL),
(200701, 'Pariñas', 2007, 20, NULL, NULL),
(200702, 'El Alto', 2007, 20, NULL, NULL),
(200703, 'La Brea', 2007, 20, NULL, NULL),
(200704, 'Lobitos', 2007, 20, NULL, NULL),
(200705, 'Los Organos', 2007, 20, NULL, NULL),
(200706, 'Mancora', 2007, 20, NULL, NULL),
(200801, 'Sechura', 2008, 20, NULL, NULL),
(200802, 'Bellavista de la Unión', 2008, 20, NULL, NULL),
(200803, 'Bernal', 2008, 20, NULL, NULL),
(200804, 'Cristo Nos Valga', 2008, 20, NULL, NULL),
(200805, 'Vice', 2008, 20, NULL, NULL),
(200806, 'Rinconada Llicuar', 2008, 20, NULL, NULL),
(210101, 'Puno', 2101, 21, NULL, NULL),
(210102, 'Acora', 2101, 21, NULL, NULL),
(210103, 'Amantani', 2101, 21, NULL, NULL),
(210104, 'Atuncolla', 2101, 21, NULL, NULL),
(210105, 'Capachica', 2101, 21, NULL, NULL),
(210106, 'Chucuito', 2101, 21, NULL, NULL),
(210107, 'Coata', 2101, 21, NULL, NULL),
(210108, 'Huata', 2101, 21, NULL, NULL),
(210109, 'Mañazo', 2101, 21, NULL, NULL),
(210110, 'Paucarcolla', 2101, 21, NULL, NULL),
(210111, 'Pichacani', 2101, 21, NULL, NULL),
(210112, 'Plateria', 2101, 21, NULL, NULL),
(210113, 'San Antonio', 2101, 21, NULL, NULL),
(210114, 'Tiquillaca', 2101, 21, NULL, NULL),
(210115, 'Vilque', 2101, 21, NULL, NULL),
(210201, 'Azángaro', 2102, 21, NULL, NULL),
(210202, 'Achaya', 2102, 21, NULL, NULL),
(210203, 'Arapa', 2102, 21, NULL, NULL),
(210204, 'Asillo', 2102, 21, NULL, NULL),
(210205, 'Caminaca', 2102, 21, NULL, NULL),
(210206, 'Chupa', 2102, 21, NULL, NULL),
(210207, 'José Domingo Choquehuanca', 2102, 21, NULL, NULL),
(210208, 'Muñani', 2102, 21, NULL, NULL),
(210209, 'Potoni', 2102, 21, NULL, NULL),
(210210, 'Saman', 2102, 21, NULL, NULL),
(210211, 'San Anton', 2102, 21, NULL, NULL),
(210212, 'San José', 2102, 21, NULL, NULL),
(210213, 'San Juan de Salinas', 2102, 21, NULL, NULL),
(210214, 'Santiago de Pupuja', 2102, 21, NULL, NULL),
(210215, 'Tirapata', 2102, 21, NULL, NULL),
(210301, 'Macusani', 2103, 21, NULL, NULL),
(210302, 'Ajoyani', 2103, 21, NULL, NULL),
(210303, 'Ayapata', 2103, 21, NULL, NULL),
(210304, 'Coasa', 2103, 21, NULL, NULL),
(210305, 'Corani', 2103, 21, NULL, NULL),
(210306, 'Crucero', 2103, 21, NULL, NULL),
(210307, 'Ituata', 2103, 21, NULL, NULL),
(210308, 'Ollachea', 2103, 21, NULL, NULL),
(210309, 'San Gaban', 2103, 21, NULL, NULL),
(210310, 'Usicayos', 2103, 21, NULL, NULL),
(210401, 'Juli', 2104, 21, NULL, NULL),
(210402, 'Desaguadero', 2104, 21, NULL, NULL),
(210403, 'Huacullani', 2104, 21, NULL, NULL),
(210404, 'Kelluyo', 2104, 21, NULL, NULL),
(210405, 'Pisacoma', 2104, 21, NULL, NULL),
(210406, 'Pomata', 2104, 21, NULL, NULL),
(210407, 'Zepita', 2104, 21, NULL, NULL),
(210501, 'Ilave', 2105, 21, NULL, NULL),
(210502, 'Capazo', 2105, 21, NULL, NULL),
(210503, 'Pilcuyo', 2105, 21, NULL, NULL),
(210504, 'Santa Rosa', 2105, 21, NULL, NULL),
(210505, 'Conduriri', 2105, 21, NULL, NULL),
(210601, 'Huancane', 2106, 21, NULL, NULL),
(210602, 'Cojata', 2106, 21, NULL, NULL),
(210603, 'Huatasani', 2106, 21, NULL, NULL),
(210604, 'Inchupalla', 2106, 21, NULL, NULL),
(210605, 'Pusi', 2106, 21, NULL, NULL),
(210606, 'Rosaspata', 2106, 21, NULL, NULL),
(210607, 'Taraco', 2106, 21, NULL, NULL),
(210608, 'Vilque Chico', 2106, 21, NULL, NULL),
(210701, 'Lampa', 2107, 21, NULL, NULL),
(210702, 'Cabanilla', 2107, 21, NULL, NULL),
(210703, 'Calapuja', 2107, 21, NULL, NULL),
(210704, 'Nicasio', 2107, 21, NULL, NULL),
(210705, 'Ocuviri', 2107, 21, NULL, NULL),
(210706, 'Palca', 2107, 21, NULL, NULL),
(210707, 'Paratia', 2107, 21, NULL, NULL),
(210708, 'Pucara', 2107, 21, NULL, NULL),
(210709, 'Santa Lucia', 2107, 21, NULL, NULL),
(210710, 'Vilavila', 2107, 21, NULL, NULL),
(210801, 'Ayaviri', 2108, 21, NULL, NULL),
(210802, 'Antauta', 2108, 21, NULL, NULL),
(210803, 'Cupi', 2108, 21, NULL, NULL),
(210804, 'Llalli', 2108, 21, NULL, NULL),
(210805, 'Macari', 2108, 21, NULL, NULL),
(210806, 'Nuñoa', 2108, 21, NULL, NULL),
(210807, 'Orurillo', 2108, 21, NULL, NULL),
(210808, 'Santa Rosa', 2108, 21, NULL, NULL),
(210809, 'Umachiri', 2108, 21, NULL, NULL),
(210901, 'Moho', 2109, 21, NULL, NULL),
(210902, 'Conima', 2109, 21, NULL, NULL),
(210903, 'Huayrapata', 2109, 21, NULL, NULL),
(210904, 'Tilali', 2109, 21, NULL, NULL),
(211001, 'Putina', 2110, 21, NULL, NULL),
(211002, 'Ananea', 2110, 21, NULL, NULL),
(211003, 'Pedro Vilca Apaza', 2110, 21, NULL, NULL),
(211004, 'Quilcapuncu', 2110, 21, NULL, NULL),
(211005, 'Sina', 2110, 21, NULL, NULL),
(211101, 'Juliaca', 2111, 21, NULL, NULL),
(211102, 'Cabana', 2111, 21, NULL, NULL),
(211103, 'Cabanillas', 2111, 21, NULL, NULL),
(211104, 'Caracoto', 2111, 21, NULL, NULL),
(211105, 'San Miguel', 2111, 21, NULL, NULL),
(211201, 'Sandia', 2112, 21, NULL, NULL),
(211202, 'Cuyocuyo', 2112, 21, NULL, NULL),
(211203, 'Limbani', 2112, 21, NULL, NULL),
(211204, 'Patambuco', 2112, 21, NULL, NULL),
(211205, 'Phara', 2112, 21, NULL, NULL),
(211206, 'Quiaca', 2112, 21, NULL, NULL),
(211207, 'San Juan del Oro', 2112, 21, NULL, NULL),
(211208, 'Yanahuaya', 2112, 21, NULL, NULL),
(211209, 'Alto Inambari', 2112, 21, NULL, NULL),
(211210, 'San Pedro de Putina Punco', 2112, 21, NULL, NULL),
(211301, 'Yunguyo', 2113, 21, NULL, NULL),
(211302, 'Anapia', 2113, 21, NULL, NULL),
(211303, 'Copani', 2113, 21, NULL, NULL),
(211304, 'Cuturapi', 2113, 21, NULL, NULL),
(211305, 'Ollaraya', 2113, 21, NULL, NULL),
(211306, 'Tinicachi', 2113, 21, NULL, NULL),
(211307, 'Unicachi', 2113, 21, NULL, NULL),
(220101, 'Moyobamba', 2201, 22, NULL, NULL),
(220102, 'Calzada', 2201, 22, NULL, NULL),
(220103, 'Habana', 2201, 22, NULL, NULL),
(220104, 'Jepelacio', 2201, 22, NULL, NULL),
(220105, 'Soritor', 2201, 22, NULL, NULL),
(220106, 'Yantalo', 2201, 22, NULL, NULL),
(220201, 'Bellavista', 2202, 22, NULL, NULL),
(220202, 'Alto Biavo', 2202, 22, NULL, NULL),
(220203, 'Bajo Biavo', 2202, 22, NULL, NULL),
(220204, 'Huallaga', 2202, 22, NULL, NULL),
(220205, 'San Pablo', 2202, 22, NULL, NULL),
(220206, 'San Rafael', 2202, 22, NULL, NULL),
(220301, 'San José de Sisa', 2203, 22, NULL, NULL),
(220302, 'Agua Blanca', 2203, 22, NULL, NULL),
(220303, 'San Martín', 2203, 22, NULL, NULL),
(220304, 'Santa Rosa', 2203, 22, NULL, NULL),
(220305, 'Shatoja', 2203, 22, NULL, NULL),
(220401, 'Saposoa', 2204, 22, NULL, NULL),
(220402, 'Alto Saposoa', 2204, 22, NULL, NULL),
(220403, 'El Eslabón', 2204, 22, NULL, NULL),
(220404, 'Piscoyacu', 2204, 22, NULL, NULL),
(220405, 'Sacanche', 2204, 22, NULL, NULL),
(220406, 'Tingo de Saposoa', 2204, 22, NULL, NULL),
(220501, 'Lamas', 2205, 22, NULL, NULL),
(220502, 'Alonso de Alvarado', 2205, 22, NULL, NULL),
(220503, 'Barranquita', 2205, 22, NULL, NULL),
(220504, 'Caynarachi', 2205, 22, NULL, NULL),
(220505, 'Cuñumbuqui', 2205, 22, NULL, NULL),
(220506, 'Pinto Recodo', 2205, 22, NULL, NULL),
(220507, 'Rumisapa', 2205, 22, NULL, NULL),
(220508, 'San Roque de Cumbaza', 2205, 22, NULL, NULL),
(220509, 'Shanao', 2205, 22, NULL, NULL),
(220510, 'Tabalosos', 2205, 22, NULL, NULL),
(220511, 'Zapatero', 2205, 22, NULL, NULL),
(220601, 'Juanjuí', 2206, 22, NULL, NULL),
(220602, 'Campanilla', 2206, 22, NULL, NULL),
(220603, 'Huicungo', 2206, 22, NULL, NULL),
(220604, 'Pachiza', 2206, 22, NULL, NULL),
(220605, 'Pajarillo', 2206, 22, NULL, NULL),
(220701, 'Picota', 2207, 22, NULL, NULL),
(220702, 'Buenos Aires', 2207, 22, NULL, NULL),
(220703, 'Caspisapa', 2207, 22, NULL, NULL),
(220704, 'Pilluana', 2207, 22, NULL, NULL),
(220705, 'Pucacaca', 2207, 22, NULL, NULL),
(220706, 'San Cristóbal', 2207, 22, NULL, NULL),
(220707, 'San Hilarión', 2207, 22, NULL, NULL),
(220708, 'Shamboyacu', 2207, 22, NULL, NULL),
(220709, 'Tingo de Ponasa', 2207, 22, NULL, NULL),
(220710, 'Tres Unidos', 2207, 22, NULL, NULL),
(220801, 'Rioja', 2208, 22, NULL, NULL),
(220802, 'Awajun', 2208, 22, NULL, NULL),
(220803, 'Elías Soplin Vargas', 2208, 22, NULL, NULL),
(220804, 'Nueva Cajamarca', 2208, 22, NULL, NULL),
(220805, 'Pardo Miguel', 2208, 22, NULL, NULL),
(220806, 'Posic', 2208, 22, NULL, NULL),
(220807, 'San Fernando', 2208, 22, NULL, NULL),
(220808, 'Yorongos', 2208, 22, NULL, NULL),
(220809, 'Yuracyacu', 2208, 22, NULL, NULL),
(220901, 'Tarapoto', 2209, 22, NULL, NULL),
(220902, 'Alberto Leveau', 2209, 22, NULL, NULL),
(220903, 'Cacatachi', 2209, 22, NULL, NULL),
(220904, 'Chazuta', 2209, 22, NULL, NULL),
(220905, 'Chipurana', 2209, 22, NULL, NULL),
(220906, 'El Porvenir', 2209, 22, NULL, NULL),
(220907, 'Huimbayoc', 2209, 22, NULL, NULL),
(220908, 'Juan Guerra', 2209, 22, NULL, NULL),
(220909, 'La Banda de Shilcayo', 2209, 22, NULL, NULL),
(220910, 'Morales', 2209, 22, NULL, NULL),
(220911, 'Papaplaya', 2209, 22, NULL, NULL),
(220912, 'San Antonio', 2209, 22, NULL, NULL),
(220913, 'Sauce', 2209, 22, NULL, NULL),
(220914, 'Shapaja', 2209, 22, NULL, NULL),
(221001, 'Tocache', 2210, 22, NULL, NULL),
(221002, 'Nuevo Progreso', 2210, 22, NULL, NULL),
(221003, 'Polvora', 2210, 22, NULL, NULL),
(221004, 'Shunte', 2210, 22, NULL, NULL),
(221005, 'Uchiza', 2210, 22, NULL, NULL),
(230101, 'Tacna', 2301, 23, NULL, NULL),
(230102, 'Alto de la Alianza', 2301, 23, NULL, NULL),
(230103, 'Calana', 2301, 23, NULL, NULL),
(230104, 'Ciudad Nueva', 2301, 23, NULL, NULL),
(230105, 'Inclan', 2301, 23, NULL, NULL),
(230106, 'Pachia', 2301, 23, NULL, NULL),
(230107, 'Palca', 2301, 23, NULL, NULL),
(230108, 'Pocollay', 2301, 23, NULL, NULL),
(230109, 'Sama', 2301, 23, NULL, NULL),
(230110, 'Coronel Gregorio Albarracín Lanchipa', 2301, 23, NULL, NULL),
(230111, 'La Yarada los Palos', 2301, 23, NULL, NULL),
(230201, 'Candarave', 2302, 23, NULL, NULL),
(230202, 'Cairani', 2302, 23, NULL, NULL),
(230203, 'Camilaca', 2302, 23, NULL, NULL),
(230204, 'Curibaya', 2302, 23, NULL, NULL),
(230205, 'Huanuara', 2302, 23, NULL, NULL),
(230206, 'Quilahuani', 2302, 23, NULL, NULL),
(230301, 'Locumba', 2303, 23, NULL, NULL),
(230302, 'Ilabaya', 2303, 23, NULL, NULL),
(230303, 'Ite', 2303, 23, NULL, NULL),
(230401, 'Tarata', 2304, 23, NULL, NULL),
(230402, 'Héroes Albarracín', 2304, 23, NULL, NULL),
(230403, 'Estique', 2304, 23, NULL, NULL),
(230404, 'Estique-Pampa', 2304, 23, NULL, NULL),
(230405, 'Sitajara', 2304, 23, NULL, NULL),
(230406, 'Susapaya', 2304, 23, NULL, NULL),
(230407, 'Tarucachi', 2304, 23, NULL, NULL),
(230408, 'Ticaco', 2304, 23, NULL, NULL),
(240101, 'Tumbes', 2401, 24, NULL, NULL),
(240102, 'Corrales', 2401, 24, NULL, NULL),
(240103, 'La Cruz', 2401, 24, NULL, NULL),
(240104, 'Pampas de Hospital', 2401, 24, NULL, NULL),
(240105, 'San Jacinto', 2401, 24, NULL, NULL),
(240106, 'San Juan de la Virgen', 2401, 24, NULL, NULL),
(240201, 'Zorritos', 2402, 24, NULL, NULL),
(240202, 'Casitas', 2402, 24, NULL, NULL),
(240203, 'Canoas de Punta Sal', 2402, 24, NULL, NULL),
(240301, 'Zarumilla', 2403, 24, NULL, NULL),
(240302, 'Aguas Verdes', 2403, 24, NULL, NULL),
(240303, 'Matapalo', 2403, 24, NULL, NULL),
(240304, 'Papayal', 2403, 24, NULL, NULL),
(250101, 'Calleria', 2501, 25, NULL, NULL),
(250102, 'Campoverde', 2501, 25, NULL, NULL),
(250103, 'Iparia', 2501, 25, NULL, NULL),
(250104, 'Masisea', 2501, 25, NULL, NULL),
(250105, 'Yarinacocha', 2501, 25, NULL, NULL),
(250106, 'Nueva Requena', 2501, 25, NULL, NULL),
(250107, 'Manantay', 2501, 25, NULL, NULL),
(250201, 'Raymondi', 2502, 25, NULL, NULL),
(250202, 'Sepahua', 2502, 25, NULL, NULL),
(250203, 'Tahuania', 2502, 25, NULL, NULL),
(250204, 'Yurua', 2502, 25, NULL, NULL),
(250301, 'Padre Abad', 2503, 25, NULL, NULL),
(250302, 'Irazola', 2503, 25, NULL, NULL),
(250303, 'Curimana', 2503, 25, NULL, NULL),
(250304, 'Neshuya', 2503, 25, NULL, NULL),
(250305, 'Alexander Von Humboldt', 2503, 25, NULL, NULL),
(250401, 'Purus', 2504, 25, NULL, NULL);

-- --------------------------------------------------------

--
-- Estructura de tabla para la tabla `provinces`
--

CREATE TABLE `provinces` (
  `id` bigint(20) UNSIGNED NOT NULL,
  `name` varchar(191) COLLATE utf8mb4_unicode_ci NOT NULL,
  `departments_id` bigint(20) UNSIGNED NOT NULL,
  `created_at` timestamp NULL DEFAULT NULL,
  `updated_at` timestamp NULL DEFAULT NULL
) ENGINE=InnoDB DEFAULT CHARSET=utf8mb4 COLLATE=utf8mb4_unicode_ci;

--
-- Volcado de datos para la tabla `provinces`
--

INSERT INTO `provinces` (`id`, `name`, `departments_id`, `created_at`, `updated_at`) VALUES
(101, 'Chachapoyas', 1, NULL, NULL),
(102, 'Bagua', 1, NULL, NULL),
(103, 'Bongará', 1, NULL, NULL),
(104, 'Condorcanqui', 1, NULL, NULL),
(105, 'Luya', 1, NULL, NULL),
(106, 'Rodríguez de Mendoza', 1, NULL, NULL),
(107, 'Utcubamba', 1, NULL, NULL),
(201, 'Huaraz', 2, NULL, NULL),
(202, 'Aija', 2, NULL, NULL),
(203, 'Antonio Raymondi', 2, NULL, NULL),
(204, 'Asunción', 2, NULL, NULL),
(205, 'Bolognesi', 2, NULL, NULL),
(206, 'Carhuaz', 2, NULL, NULL),
(207, 'Carlos Fermín Fitzcarrald', 2, NULL, NULL),
(208, 'Casma', 2, NULL, NULL),
(209, 'Corongo', 2, NULL, NULL),
(210, 'Huari', 2, NULL, NULL),
(211, 'Huarmey', 2, NULL, NULL),
(212, 'Huaylas', 2, NULL, NULL),
(213, 'Mariscal Luzuriaga', 2, NULL, NULL),
(214, 'Ocros', 2, NULL, NULL),
(215, 'Pallasca', 2, NULL, NULL),
(216, 'Pomabamba', 2, NULL, NULL),
(217, 'Recuay', 2, NULL, NULL),
(218, 'Santa', 2, NULL, NULL),
(219, 'Sihuas', 2, NULL, NULL),
(220, 'Yungay', 2, NULL, NULL),
(301, 'Abancay', 3, NULL, NULL),
(302, 'Andahuaylas', 3, NULL, NULL),
(303, 'Antabamba', 3, NULL, NULL),
(304, 'Aymaraes', 3, NULL, NULL),
(305, 'Cotabambas', 3, NULL, NULL),
(306, 'Chincheros', 3, NULL, NULL),
(307, 'Grau', 3, NULL, NULL),
(401, 'Arequipa', 4, NULL, NULL),
(402, 'Camaná', 4, NULL, NULL),
(403, 'Caravelí', 4, NULL, NULL),
(404, 'Castilla', 4, NULL, NULL),
(405, 'Caylloma', 4, NULL, NULL),
(406, 'Condesuyos', 4, NULL, NULL),
(407, 'Islay', 4, NULL, NULL),
(408, 'La Uniòn', 4, NULL, NULL),
(501, 'Huamanga', 5, NULL, NULL),
(502, 'Cangallo', 5, NULL, NULL),
(503, 'Huanca Sancos', 5, NULL, NULL),
(504, 'Huanta', 5, NULL, NULL),
(505, 'La Mar', 5, NULL, NULL),
(506, 'Lucanas', 5, NULL, NULL),
(507, 'Parinacochas', 5, NULL, NULL),
(508, 'Pàucar del Sara Sara', 5, NULL, NULL),
(509, 'Sucre', 5, NULL, NULL),
(510, 'Víctor Fajardo', 5, NULL, NULL),
(511, 'Vilcas Huamán', 5, NULL, NULL),
(601, 'Cajamarca', 6, NULL, NULL),
(602, 'Cajabamba', 6, NULL, NULL),
(603, 'Celendín', 6, NULL, NULL),
(604, 'Chota', 6, NULL, NULL),
(605, 'Contumazá', 6, NULL, NULL),
(606, 'Cutervo', 6, NULL, NULL),
(607, 'Hualgayoc', 6, NULL, NULL),
(608, 'Jaén', 6, NULL, NULL),
(609, 'San Ignacio', 6, NULL, NULL),
(610, 'San Marcos', 6, NULL, NULL),
(611, 'San Miguel', 6, NULL, NULL),
(612, 'San Pablo', 6, NULL, NULL),
(613, 'Santa Cruz', 6, NULL, NULL),
(701, 'Prov. Const. del Callao', 7, NULL, NULL),
(801, 'Cusco', 8, NULL, NULL),
(802, 'Acomayo', 8, NULL, NULL),
(803, 'Anta', 8, NULL, NULL),
(804, 'Calca', 8, NULL, NULL),
(805, 'Canas', 8, NULL, NULL),
(806, 'Canchis', 8, NULL, NULL),
(807, 'Chumbivilcas', 8, NULL, NULL),
(808, 'Espinar', 8, NULL, NULL),
(809, 'La Convención', 8, NULL, NULL),
(810, 'Paruro', 8, NULL, NULL),
(811, 'Paucartambo', 8, NULL, NULL),
(812, 'Quispicanchi', 8, NULL, NULL),
(813, 'Urubamba', 8, NULL, NULL),
(901, 'Huancavelica', 9, NULL, NULL),
(902, 'Acobamba', 9, NULL, NULL),
(903, 'Angaraes', 9, NULL, NULL),
(904, 'Castrovirreyna', 9, NULL, NULL),
(905, 'Churcampa', 9, NULL, NULL),
(906, 'Huaytará', 9, NULL, NULL),
(907, 'Tayacaja', 9, NULL, NULL),
(1001, 'Huánuco', 10, NULL, NULL),
(1002, 'Ambo', 10, NULL, NULL),
(1003, 'Dos de Mayo', 10, NULL, NULL),
(1004, 'Huacaybamba', 10, NULL, NULL),
(1005, 'Huamalíes', 10, NULL, NULL),
(1006, 'Leoncio Prado', 10, NULL, NULL),
(1007, 'Marañón', 10, NULL, NULL),
(1008, 'Pachitea', 10, NULL, NULL),
(1009, 'Puerto Inca', 10, NULL, NULL),
(1010, 'Lauricocha ', 10, NULL, NULL),
(1011, 'Yarowilca ', 10, NULL, NULL),
(1101, 'Ica ', 11, NULL, NULL),
(1102, 'Chincha ', 11, NULL, NULL),
(1103, 'Nasca ', 11, NULL, NULL),
(1104, 'Palpa ', 11, NULL, NULL),
(1105, 'Pisco ', 11, NULL, NULL),
(1201, 'Huancayo ', 12, NULL, NULL),
(1202, 'Concepción ', 12, NULL, NULL),
(1203, 'Chanchamayo ', 12, NULL, NULL),
(1204, 'Jauja ', 12, NULL, NULL),
(1205, 'Junín ', 12, NULL, NULL),
(1206, 'Satipo ', 12, NULL, NULL),
(1207, 'Tarma ', 12, NULL, NULL),
(1208, 'Yauli ', 12, NULL, NULL),
(1209, 'Chupaca ', 12, NULL, NULL),
(1301, 'Trujillo ', 13, NULL, NULL),
(1302, 'Ascope ', 13, NULL, NULL),
(1303, 'Bolívar ', 13, NULL, NULL),
(1304, 'Chepén ', 13, NULL, NULL),
(1305, 'Julcán ', 13, NULL, NULL),
(1306, 'Otuzco ', 13, NULL, NULL),
(1307, 'Pacasmayo ', 13, NULL, NULL),
(1308, 'Pataz ', 13, NULL, NULL),
(1309, 'Sánchez Carrión ', 13, NULL, NULL),
(1310, 'Santiago de Chuco ', 13, NULL, NULL),
(1311, 'Gran Chimú ', 13, NULL, NULL),
(1312, 'Virú ', 13, NULL, NULL),
(1401, 'Chiclayo ', 14, NULL, NULL),
(1402, 'Ferreñafe ', 14, NULL, NULL),
(1403, 'Lambayeque ', 14, NULL, NULL),
(1501, 'Lima ', 15, NULL, NULL),
(1502, 'Barranca ', 15, NULL, NULL),
(1503, 'Cajatambo ', 15, NULL, NULL),
(1504, 'Canta ', 15, NULL, NULL),
(1505, 'Cañete ', 15, NULL, NULL),
(1506, 'Huaral ', 15, NULL, NULL),
(1507, 'Huarochirí ', 15, NULL, NULL),
(1508, 'Huaura ', 15, NULL, NULL),
(1509, 'Oyón ', 15, NULL, NULL),
(1510, 'Yauyos ', 15, NULL, NULL),
(1601, 'Maynas ', 16, NULL, NULL),
(1602, 'Alto Amazonas ', 16, NULL, NULL),
(1603, 'Loreto ', 16, NULL, NULL),
(1604, 'Mariscal Ramón Castilla ', 16, NULL, NULL),
(1605, 'Requena ', 16, NULL, NULL),
(1606, 'Ucayali ', 16, NULL, NULL),
(1607, 'Datem del Marañón ', 16, NULL, NULL),
(1608, 'Putumayo', 16, NULL, NULL),
(1701, 'Tambopata ', 17, NULL, NULL),
(1702, 'Manu ', 17, NULL, NULL),
(1703, 'Tahuamanu ', 17, NULL, NULL),
(1801, 'Mariscal Nieto ', 18, NULL, NULL),
(1802, 'General Sánchez Cerro ', 18, NULL, NULL),
(1803, 'Ilo ', 18, NULL, NULL),
(1901, 'Pasco ', 19, NULL, NULL),
(1902, 'Daniel Alcides Carrión ', 19, NULL, NULL),
(1903, 'Oxapampa ', 19, NULL, NULL),
(2001, 'Piura ', 20, NULL, NULL),
(2002, 'Ayabaca ', 20, NULL, NULL),
(2003, 'Huancabamba ', 20, NULL, NULL),
(2004, 'Morropón ', 20, NULL, NULL),
(2005, 'Paita ', 20, NULL, NULL),
(2006, 'Sullana ', 20, NULL, NULL),
(2007, 'Talara ', 20, NULL, NULL),
(2008, 'Sechura ', 20, NULL, NULL),
(2101, 'Puno ', 21, NULL, NULL),
(2102, 'Azángaro ', 21, NULL, NULL),
(2103, 'Carabaya ', 21, NULL, NULL),
(2104, 'Chucuito ', 21, NULL, NULL),
(2105, 'El Collao ', 21, NULL, NULL),
(2106, 'Huancané ', 21, NULL, NULL),
(2107, 'Lampa ', 21, NULL, NULL),
(2108, 'Melgar ', 21, NULL, NULL),
(2109, 'Moho ', 21, NULL, NULL),
(2110, 'San Antonio de Putina ', 21, NULL, NULL),
(2111, 'San Román ', 21, NULL, NULL),
(2112, 'Sandia ', 21, NULL, NULL),
(2113, 'Yunguyo ', 21, NULL, NULL),
(2201, 'Moyobamba ', 22, NULL, NULL),
(2202, 'Bellavista ', 22, NULL, NULL),
(2203, 'El Dorado ', 22, NULL, NULL),
(2204, 'Huallaga ', 22, NULL, NULL),
(2205, 'Lamas ', 22, NULL, NULL),
(2206, 'Mariscal Cáceres ', 22, NULL, NULL),
(2207, 'Picota ', 22, NULL, NULL),
(2208, 'Rioja ', 22, NULL, NULL),
(2209, 'San Martín ', 22, NULL, NULL),
(2210, 'Tocache ', 22, NULL, NULL),
(2301, 'Tacna ', 23, NULL, NULL),
(2302, 'Candarave ', 23, NULL, NULL),
(2303, 'Jorge Basadre ', 23, NULL, NULL),
(2304, 'Tarata ', 23, NULL, NULL),
(2401, 'Tumbes ', 24, NULL, NULL),
(2402, 'Contralmirante Villar ', 24, NULL, NULL),
(2403, 'Zarumilla ', 24, NULL, NULL),
(2501, 'Coronel Portillo ', 25, NULL, NULL),
(2502, 'Atalaya ', 25, NULL, NULL),
(2503, 'Padre Abad ', 25, NULL, NULL),
(2504, 'Purús', 25, NULL, NULL);
COMMIT;

/*!40101 SET CHARACTER_SET_CLIENT=@OLD_CHARACTER_SET_CLIENT */;
/*!40101 SET CHARACTER_SET_RESULTS=@OLD_CHARACTER_SET_RESULTS */;
/*!40101 SET COLLATION_CONNECTION=@OLD_COLLATION_CONNECTION */;
